Sample in Buffer,Sample in Window,TRIGGER,frame_start_1,frame_done,line_done,busy,nt39_state[3:0],stv2,stv1,cpv,chip_sel2,chip_sel1,stv_mode,sel,mode2,mode1,lr,ud,oe2,oe1,frame_start,line_start_pulse,xao,oepsn,nt39_cnt[9:0],nt39_shift_cnt[3:0]
Radix - UNSIGNED,UNSIGNED,UNSIGNED,HEX,HEX,HEX,HEX,HEX,HEX,HEX,HEX,HEX,HEX,HEX,HEX,HEX,HEX,HEX,HEX,HEX,HEX,HEX,HEX,HEX,HEX,HEX,HEX
0,0,0,0,0,0,1,b,0,0,0,0,1,0,0,0,0,1,0,1,1,0,0,0,0,000,c
1,1,0,0,0,0,1,b,0,0,0,0,1,0,0,0,0,1,0,1,1,0,0,0,0,000,c
2,2,0,0,0,0,1,b,0,0,0,0,1,0,0,0,0,1,0,1,1,0,0,0,0,000,c
3,3,0,0,0,0,1,b,0,0,0,0,1,0,0,0,0,1,0,1,1,0,0,0,0,000,c
4,4,0,0,0,0,1,b,0,0,0,0,1,0,0,0,0,1,0,1,1,0,0,0,0,000,c
5,5,0,0,0,0,1,b,0,0,0,0,1,0,0,0,0,1,0,1,1,0,0,0,0,000,c
6,6,0,0,0,0,1,b,0,0,0,0,1,0,0,0,0,1,0,1,1,0,0,0,0,000,c
7,7,0,0,0,0,1,b,0,0,0,0,1,0,0,0,0,1,0,1,1,0,0,0,0,000,c
8,8,0,0,0,0,1,b,0,0,0,0,1,0,0,0,0,1,0,1,1,0,0,0,0,000,c
9,9,0,0,0,0,1,b,0,0,0,0,1,0,0,0,0,1,0,1,1,0,0,0,0,000,c
10,10,0,0,0,0,1,b,0,0,0,0,1,0,0,0,0,1,0,1,1,0,0,0,0,000,c
11,11,0,0,0,0,1,b,0,0,0,0,1,0,0,0,0,1,0,1,1,0,0,0,0,000,c
12,12,0,0,0,0,1,b,0,0,0,0,1,0,0,0,0,1,0,1,1,0,0,0,0,000,c
13,13,0,0,0,0,1,b,0,0,0,0,1,0,0,0,0,1,0,1,1,0,0,0,0,000,c
14,14,0,0,0,0,1,b,0,0,0,0,1,0,0,0,0,1,0,1,1,0,0,0,0,000,c
15,15,0,0,0,0,1,b,0,0,0,0,1,0,0,0,0,1,0,1,1,0,0,0,0,000,c
16,16,0,0,0,0,1,b,0,0,0,0,1,0,0,0,0,1,0,1,1,0,0,0,0,000,c
17,17,0,0,0,0,1,b,0,0,0,0,1,0,0,0,0,1,0,1,1,0,0,0,0,000,c
18,18,0,0,0,0,1,b,0,0,0,0,1,0,0,0,0,1,0,1,1,0,0,0,0,000,c
19,19,0,0,0,0,1,b,0,0,0,0,1,0,0,0,0,1,0,1,1,0,0,0,0,000,c
20,20,0,0,0,0,1,b,0,0,0,0,1,0,0,0,0,1,0,1,1,0,0,0,0,000,c
21,21,0,0,0,0,1,b,0,0,0,0,1,0,0,0,0,1,0,1,1,0,0,0,0,000,c
22,22,0,0,0,0,1,b,0,0,0,0,1,0,0,0,0,1,0,1,1,0,0,0,0,000,c
23,23,0,0,0,0,1,b,0,0,0,0,1,0,0,0,0,1,0,1,1,0,0,0,0,000,c
24,24,0,0,0,0,1,b,0,0,0,0,1,0,0,0,0,1,0,1,1,0,0,0,0,000,c
25,25,0,0,0,0,1,b,0,0,0,0,1,0,0,0,0,1,0,1,1,0,0,0,0,000,c
26,26,0,0,0,0,1,b,0,0,0,0,1,0,0,0,0,1,0,1,1,0,0,0,0,000,c
27,27,0,0,0,0,1,b,0,0,0,0,1,0,0,0,0,1,0,1,1,0,0,0,0,000,c
28,28,0,0,0,0,1,b,0,0,0,0,1,0,0,0,0,1,0,1,1,0,0,0,0,000,c
29,29,0,0,0,0,1,b,0,0,0,0,1,0,0,0,0,1,0,1,1,0,0,0,0,000,c
30,30,0,0,0,0,1,b,0,0,0,0,1,0,0,0,0,1,0,1,1,0,0,0,0,000,c
31,31,0,0,0,0,1,b,0,0,0,0,1,0,0,0,0,1,0,1,1,0,0,0,0,000,c
32,32,0,0,0,0,1,b,0,0,0,0,1,0,0,0,0,1,0,1,1,0,0,0,0,000,c
33,33,0,0,0,0,1,b,0,0,0,0,1,0,0,0,0,1,0,1,1,0,0,0,0,000,c
34,34,0,0,0,0,1,b,0,0,0,0,1,0,0,0,0,1,0,1,1,0,0,0,0,000,c
35,35,0,0,0,0,1,b,0,0,0,0,1,0,0,0,0,1,0,1,1,0,0,0,0,000,c
36,36,0,0,0,0,1,b,0,0,0,0,1,0,0,0,0,1,0,1,1,0,0,0,0,000,c
37,37,0,0,0,0,1,b,0,0,0,0,1,0,0,0,0,1,0,1,1,0,0,0,0,000,c
38,38,0,0,0,0,1,b,0,0,0,0,1,0,0,0,0,1,0,1,1,0,0,0,0,000,c
39,39,0,0,0,0,1,b,0,0,0,0,1,0,0,0,0,1,0,1,1,0,0,0,0,000,c
40,40,0,0,0,0,1,b,0,0,0,0,1,0,0,0,0,1,0,1,1,0,0,0,0,000,c
41,41,0,0,0,0,1,b,0,0,0,0,1,0,0,0,0,1,0,1,1,0,0,0,0,000,c
42,42,0,0,0,0,1,b,0,0,0,0,1,0,0,0,0,1,0,1,1,0,0,0,0,000,c
43,43,0,0,0,0,1,b,0,0,0,0,1,0,0,0,0,1,0,1,1,0,0,0,0,000,c
44,44,0,0,0,0,1,b,0,0,0,0,1,0,0,0,0,1,0,1,1,0,0,0,0,000,c
45,45,0,0,0,0,1,b,0,0,0,0,1,0,0,0,0,1,0,1,1,0,0,0,0,000,c
46,46,0,0,0,0,1,b,0,0,0,0,1,0,0,0,0,1,0,1,1,0,0,0,0,000,c
47,47,0,0,0,0,1,b,0,0,0,0,1,0,0,0,0,1,0,1,1,0,0,0,0,000,c
48,48,0,0,0,0,1,b,0,0,0,0,1,0,0,0,0,1,0,1,1,0,0,0,0,000,c
49,49,0,0,0,0,1,b,0,0,0,0,1,0,0,0,0,1,0,1,1,0,0,0,0,000,c
50,50,0,0,0,0,1,b,0,0,0,0,1,0,0,0,0,1,0,1,1,0,0,0,0,000,c
51,51,0,0,0,0,1,b,0,0,0,0,1,0,0,0,0,1,0,1,1,0,0,0,0,000,c
52,52,0,0,0,0,1,b,0,0,0,0,1,0,0,0,0,1,0,1,1,0,0,0,0,000,c
53,53,0,0,0,0,1,b,0,0,0,0,1,0,0,0,0,1,0,1,1,0,0,0,0,000,c
54,54,0,0,0,0,1,b,0,0,0,0,1,0,0,0,0,1,0,1,1,0,0,0,0,000,c
55,55,0,0,0,0,1,b,0,0,0,0,1,0,0,0,0,1,0,1,1,0,0,0,0,000,c
56,56,0,0,0,0,1,b,0,0,0,0,1,0,0,0,0,1,0,1,1,0,0,0,0,000,c
57,57,0,0,0,0,1,b,0,0,0,0,1,0,0,0,0,1,0,1,1,0,0,0,0,000,c
58,58,0,0,0,0,1,b,0,0,0,0,1,0,0,0,0,1,0,1,1,0,0,0,0,000,c
59,59,0,0,0,0,1,b,0,0,0,0,1,0,0,0,0,1,0,1,1,0,0,0,0,000,c
60,60,0,0,0,0,1,b,0,0,0,0,1,0,0,0,0,1,0,1,1,0,0,0,0,000,c
61,61,0,0,0,0,1,b,0,0,0,0,1,0,0,0,0,1,0,1,1,0,0,0,0,000,c
62,62,0,0,0,0,1,b,0,0,0,0,1,0,0,0,0,1,0,1,1,0,0,0,0,000,c
63,63,1,1,0,0,1,b,0,0,0,0,1,0,0,0,0,1,0,1,1,1,0,0,0,000,c
64,64,0,0,0,0,1,b,0,0,0,0,1,0,0,0,0,1,0,1,1,0,0,0,0,000,c
65,65,0,0,0,0,1,b,0,0,0,0,1,0,0,0,0,1,0,1,1,0,0,0,0,000,c
66,66,0,0,0,0,1,b,0,0,0,0,1,0,0,0,0,1,0,1,1,0,0,0,0,000,c
67,67,0,0,0,0,1,b,0,0,0,0,1,0,0,0,0,1,0,1,1,0,0,0,0,000,c
68,68,0,0,0,0,1,b,0,0,0,0,1,0,0,0,0,1,0,1,1,0,1,0,0,000,c
69,69,0,0,0,0,1,"CPV_LOW_S",0,0,0,0,1,0,0,0,0,1,0,1,1,0,0,0,0,000,c
70,70,0,0,0,0,1,"CPV_LOW_S",0,0,0,0,1,0,0,0,0,1,0,1,1,0,0,0,0,001,c
71,71,0,0,0,0,1,"CPV_LOW_S",0,0,0,0,1,0,0,0,0,1,0,1,1,0,0,0,0,002,c
72,72,0,0,0,0,1,"CPV_LOW_S",0,0,0,0,1,0,0,0,0,1,0,1,1,0,0,0,0,003,c
73,73,0,0,0,0,1,"CPV_LOW_S",0,0,0,0,1,0,0,0,0,1,0,1,1,0,0,0,0,004,c
74,74,0,0,0,0,1,"CPV_LOW_S",0,0,0,0,1,0,0,0,0,1,0,1,1,0,0,0,0,005,c
75,75,0,0,0,0,1,"CPV_LOW_S",0,0,0,0,1,0,0,0,0,1,0,1,1,0,0,0,0,006,c
76,76,0,0,0,0,1,"CPV_LOW_S",0,0,0,0,1,0,0,0,0,1,0,1,1,0,0,0,0,007,c
77,77,0,0,0,0,1,"CPV_LOW_S",0,0,0,0,1,0,0,0,0,1,0,1,1,0,0,0,0,008,c
78,78,0,0,0,0,1,"CPV_LOW_S",0,0,0,0,1,0,0,0,0,1,0,1,1,0,0,0,0,009,c
79,79,0,0,0,0,1,"CPV_LOW_S",0,0,0,0,1,0,0,0,0,1,0,1,1,0,0,0,0,00a,c
80,80,0,0,0,0,1,"CPV_LOW_S",0,0,0,0,1,0,0,0,0,1,0,1,1,0,0,0,0,00b,c
81,81,0,0,0,0,1,"CPV_LOW_S",0,0,0,0,1,0,0,0,0,1,0,1,1,0,0,0,0,00c,c
82,82,0,0,0,0,1,"CPV_LOW_S",0,0,0,0,1,0,0,0,0,1,0,1,1,0,0,0,0,00d,c
83,83,0,0,0,0,1,"CPV_LOW_S",0,0,0,0,1,0,0,0,0,1,0,1,1,0,0,0,0,00e,c
84,84,0,0,0,0,1,"CPV_LOW_S",0,0,0,0,1,0,0,0,0,1,0,1,1,0,0,0,0,00f,c
85,85,0,0,0,0,1,"CPV_LOW_S",0,0,0,0,1,0,0,0,0,1,0,1,1,0,0,0,0,010,c
86,86,0,0,0,0,1,"CPV_LOW_S",0,0,0,0,1,0,0,0,0,1,0,1,1,0,0,0,0,011,c
87,87,0,0,0,0,1,"CPV_LOW_S",0,0,0,0,1,0,0,0,0,1,0,1,1,0,0,0,0,012,c
88,88,0,0,0,0,1,"CPV_LOW_S",0,0,0,0,1,0,0,0,0,1,0,1,1,0,0,0,0,013,c
89,89,0,0,0,0,1,"CPV_LOW_S",0,0,0,0,1,0,0,0,0,1,0,1,1,0,0,0,0,014,c
90,90,0,0,0,0,1,"CPV_LOW_S",0,0,0,0,1,0,0,0,0,1,0,1,1,0,0,0,0,015,c
91,91,0,0,0,0,1,"CPV_LOW_S",0,0,0,0,1,0,0,0,0,1,0,1,1,0,0,0,0,016,c
92,92,0,0,0,0,1,"CPV_LOW_S",0,0,0,0,1,0,0,0,0,1,0,1,1,0,0,0,0,017,c
93,93,0,0,0,0,1,"CPV_LOW_S",0,0,0,0,1,0,0,0,0,1,0,1,1,0,0,0,0,018,c
94,94,0,0,0,0,1,"CPV_LOW_S",0,0,0,0,1,0,0,0,0,1,0,1,1,0,0,0,0,019,c
95,95,0,0,0,0,1,"CPV_LOW_S",0,0,0,0,1,0,0,0,0,1,0,1,1,0,0,0,0,01a,c
96,96,0,0,0,0,1,"CPV_LOW_S",0,0,0,0,1,0,0,0,0,1,0,1,1,0,0,0,0,01b,c
97,97,0,0,0,0,1,"CPV_LOW_S",0,0,0,0,1,0,0,0,0,1,0,1,1,0,0,0,0,01c,c
98,98,0,0,0,0,1,"CPV_LOW_S",0,0,0,0,1,0,0,0,0,1,0,1,1,0,0,0,0,01d,c
99,99,0,0,0,0,1,"CPV_LOW_S",0,0,0,0,1,0,0,0,0,1,0,1,1,0,0,0,0,01e,c
100,100,0,0,0,0,1,"CPV_LOW_S",0,0,0,0,1,0,0,0,0,1,0,1,1,0,0,0,0,01f,c
101,101,0,0,0,0,1,"CPV_LOW_S",0,0,0,0,1,0,0,0,0,1,0,1,1,0,0,0,0,020,c
102,102,0,0,0,0,1,"CPV_LOW_S",0,0,0,0,1,0,0,0,0,1,0,1,1,0,0,0,0,021,c
103,103,0,0,0,0,1,"CPV_LOW_S",0,0,0,0,1,0,0,0,0,1,0,1,1,0,0,0,0,022,c
104,104,0,0,0,0,1,"CPV_LOW_S",0,0,0,0,1,0,0,0,0,1,0,1,1,0,0,0,0,023,c
105,105,0,0,0,0,1,"CPV_LOW_S",0,0,0,0,1,0,0,0,0,1,0,1,1,0,0,0,0,024,c
106,106,0,0,0,0,1,"CPV_LOW_S",0,0,0,0,1,0,0,0,0,1,0,1,1,0,0,0,0,025,c
107,107,0,0,0,0,1,"CPV_LOW_S",0,0,0,0,1,0,0,0,0,1,0,1,1,0,0,0,0,026,c
108,108,0,0,0,0,1,"CPV_LOW_S",0,0,0,0,1,0,0,0,0,1,0,1,1,0,0,0,0,027,c
109,109,0,0,0,0,1,"CPV_LOW_S",0,0,0,0,1,0,0,0,0,1,0,1,1,0,0,0,0,028,c
110,110,0,0,0,0,1,"CPV_LOW_S",0,0,0,0,1,0,0,0,0,1,0,1,1,0,0,0,0,029,c
111,111,0,0,0,0,1,"CPV_LOW_S",0,0,0,0,1,0,0,0,0,1,0,1,1,0,0,0,0,02a,c
112,112,0,0,0,0,1,"CPV_LOW_S",0,0,0,0,1,0,0,0,0,1,0,1,1,0,0,0,0,02b,c
113,113,0,0,0,0,1,"CPV_LOW_S",0,0,0,0,1,0,0,0,0,1,0,1,1,0,0,0,0,02c,c
114,114,0,0,0,0,1,"CPV_LOW_S",0,0,0,0,1,0,0,0,0,1,0,1,1,0,0,0,0,02d,c
115,115,0,0,0,0,1,"CPV_LOW_S",0,0,0,0,1,0,0,0,0,1,0,1,1,0,0,0,0,02e,c
116,116,0,0,0,0,1,"CPV_LOW_S",0,0,0,0,1,0,0,0,0,1,0,1,1,0,0,0,0,02f,c
117,117,0,0,0,0,1,"CPV_LOW_S",0,0,0,0,1,0,0,0,0,1,0,1,1,0,0,0,0,030,c
118,118,0,0,0,0,1,"CPV_LOW_S",0,0,0,0,1,0,0,0,0,1,0,1,1,0,0,0,0,031,c
119,119,0,0,0,0,1,"CPV_LOW_S",0,0,0,0,1,0,0,0,0,1,0,1,1,0,0,0,0,032,c
120,120,0,0,0,0,1,"CPV_LOW_S",0,0,0,0,1,0,0,0,0,1,0,1,1,0,0,0,0,033,c
121,121,0,0,0,0,1,"CPV_LOW_S",0,0,0,0,1,0,0,0,0,1,0,1,1,0,0,0,0,034,c
122,122,0,0,0,0,1,"CPV_LOW_S",0,0,0,0,1,0,0,0,0,1,0,1,1,0,0,0,0,035,c
123,123,0,0,0,0,1,"CPV_LOW_S",0,0,0,0,1,0,0,0,0,1,0,1,1,0,0,0,0,036,c
124,124,0,0,0,0,1,"CPV_LOW_S",0,0,0,0,1,0,0,0,0,1,0,1,1,0,0,0,0,037,c
125,125,0,0,0,0,1,"CPV_LOW_S",0,0,0,0,1,0,0,0,0,1,0,1,1,0,0,0,0,038,c
126,126,0,0,0,0,1,"CPV_LOW_S",0,0,0,0,1,0,0,0,0,1,0,1,1,0,0,0,0,039,c
127,127,0,0,0,0,1,"CPV_LOW_S",0,0,0,0,1,0,0,0,0,1,0,1,1,0,0,0,0,03a,c
128,128,0,0,0,0,1,"CPV_LOW_S",0,0,0,0,1,0,0,0,0,1,0,1,1,0,0,0,0,03b,c
129,129,0,0,0,0,1,"CPV_LOW_S",0,0,0,0,1,0,0,0,0,1,0,1,1,0,0,0,0,03c,c
130,130,0,0,0,0,1,"CPV_LOW_S",0,0,0,0,1,0,0,0,0,1,0,1,1,0,0,0,0,03d,c
131,131,0,0,0,0,1,"CPV_LOW_S",0,0,0,0,1,0,0,0,0,1,0,1,1,0,0,0,0,03e,c
132,132,0,0,0,0,1,"CPV_LOW_S",0,0,0,0,1,0,0,0,0,1,0,1,1,0,0,0,0,03f,c
133,133,0,0,0,0,1,"CPV_LOW_S",0,0,0,0,1,0,0,0,0,1,0,1,1,0,0,0,0,040,c
134,134,0,0,0,0,1,"CPV_LOW_S",0,0,0,0,1,0,0,0,0,1,0,1,1,0,0,0,0,041,c
135,135,0,0,0,0,1,"CPV_LOW_S",0,0,0,0,1,0,0,0,0,1,0,1,1,0,0,0,0,042,c
136,136,0,0,0,0,1,"CPV_LOW_S",0,0,0,0,1,0,0,0,0,1,0,1,1,0,0,0,0,043,c
137,137,0,0,0,0,1,"CPV_LOW_S",0,0,0,0,1,0,0,0,0,1,0,1,1,0,0,0,0,044,c
138,138,0,0,0,0,1,"CPV_LOW_S",0,0,0,0,1,0,0,0,0,1,0,1,1,0,0,0,0,045,c
139,139,0,0,0,0,1,"CPV_LOW_S",0,0,0,0,1,0,0,0,0,1,0,1,1,0,0,0,0,046,c
140,140,0,0,0,0,1,"CPV_LOW_S",0,0,0,0,1,0,0,0,0,1,0,1,1,0,0,0,0,047,c
141,141,0,0,0,0,1,"CPV_LOW_S",0,0,0,0,1,0,0,0,0,1,0,1,1,0,0,0,0,048,c
142,142,0,0,0,0,1,"CPV_LOW_S",0,0,0,0,1,0,0,0,0,1,0,1,1,0,0,0,0,049,c
143,143,0,0,0,0,1,"CPV_LOW_S",0,0,0,0,1,0,0,0,0,1,0,1,1,0,0,0,0,04a,c
144,144,0,0,0,0,1,"CPV_LOW_S",0,0,0,0,1,0,0,0,0,1,0,1,1,0,0,0,0,04b,c
145,145,0,0,0,0,1,"CPV_LOW_S",0,0,0,0,1,0,0,0,0,1,0,1,1,0,0,0,0,04c,c
146,146,0,0,0,0,1,"CPV_LOW_S",0,0,0,0,1,0,0,0,0,1,0,1,1,0,0,0,0,04d,c
147,147,0,0,0,0,1,"CPV_LOW_S",0,0,0,0,1,0,0,0,0,1,0,1,1,0,0,0,0,04e,c
148,148,0,0,0,0,1,"CPV_LOW_S",0,0,0,0,1,0,0,0,0,1,0,1,1,0,0,0,0,04f,c
149,149,0,0,0,0,1,"CPV_LOW_S",0,0,0,0,1,0,0,0,0,1,0,1,1,0,0,0,0,050,c
150,150,0,0,0,0,1,"CPV_LOW_S",0,0,0,0,1,0,0,0,0,1,0,1,1,0,0,0,0,051,c
151,151,0,0,0,0,1,"CPV_LOW_S",0,0,0,0,1,0,0,0,0,1,0,1,1,0,0,0,0,052,c
152,152,0,0,0,0,1,"CPV_LOW_S",0,0,0,0,1,0,0,0,0,1,0,1,1,0,0,0,0,053,c
153,153,0,0,0,0,1,"CPV_LOW_S",0,0,0,0,1,0,0,0,0,1,0,1,1,0,0,0,0,054,c
154,154,0,0,0,0,1,"CPV_LOW_S",0,0,0,0,1,0,0,0,0,1,0,1,1,0,0,0,0,055,c
155,155,0,0,0,0,1,"CPV_LOW_S",0,0,0,0,1,0,0,0,0,1,0,1,1,0,0,0,0,056,c
156,156,0,0,0,0,1,"CPV_LOW_S",0,0,0,0,1,0,0,0,0,1,0,1,1,0,0,0,0,057,c
157,157,0,0,0,0,1,"CPV_LOW_S",0,0,0,0,1,0,0,0,0,1,0,1,1,0,0,0,0,058,c
158,158,0,0,0,0,1,"CPV_LOW_S",0,0,0,0,1,0,0,0,0,1,0,1,1,0,0,0,0,059,c
159,159,0,0,0,0,1,"CPV_LOW_S",0,0,0,0,1,0,0,0,0,1,0,1,1,0,0,0,0,05a,c
160,160,0,0,0,0,1,"CPV_LOW_S",0,0,0,0,1,0,0,0,0,1,0,1,1,0,0,0,0,05b,c
161,161,0,0,0,0,1,"CPV_LOW_S",0,0,0,0,1,0,0,0,0,1,0,1,1,0,0,0,0,05c,c
162,162,0,0,0,0,1,"CPV_LOW_S",0,0,0,0,1,0,0,0,0,1,0,1,1,0,0,0,0,05d,c
163,163,0,0,0,0,1,"CPV_LOW_S",0,0,0,0,1,0,0,0,0,1,0,1,1,0,0,0,0,05e,c
164,164,0,0,0,0,1,"CPV_LOW_S",0,0,0,0,1,0,0,0,0,1,0,1,1,0,0,0,0,05f,c
165,165,0,0,0,0,1,"CPV_LOW_S",0,0,0,0,1,0,0,0,0,1,0,1,1,0,0,0,0,060,c
166,166,0,0,0,0,1,"CPV_LOW_S",0,0,0,0,1,0,0,0,0,1,0,1,1,0,0,0,0,061,c
167,167,0,0,0,0,1,"CPV_LOW_S",0,0,0,0,1,0,0,0,0,1,0,1,1,0,0,0,0,062,c
168,168,0,0,0,0,1,"CPV_LOW_S",0,0,0,0,1,0,0,0,0,1,0,1,1,0,0,0,0,063,c
169,169,0,0,0,0,1,"CPV_LOW_S",0,0,0,0,1,0,0,0,0,1,0,1,1,0,0,0,0,064,c
170,170,0,0,0,0,1,"CPV_LOW_S",0,0,0,0,1,0,0,0,0,1,0,1,1,0,0,0,0,065,c
171,171,0,0,0,0,1,"CPV_LOW_S",0,0,0,0,1,0,0,0,0,1,0,1,1,0,0,0,0,066,c
172,172,0,0,0,0,1,"CPV_LOW_S",0,0,0,0,1,0,0,0,0,1,0,1,1,0,0,0,0,067,c
173,173,0,0,0,0,1,"CPV_LOW_S",0,0,0,0,1,0,0,0,0,1,0,1,1,0,0,0,0,068,c
174,174,0,0,0,0,1,"CPV_LOW_S",0,0,0,0,1,0,0,0,0,1,0,1,1,0,0,0,0,069,c
175,175,0,0,0,0,1,"CPV_LOW_S",0,0,0,0,1,0,0,0,0,1,0,1,1,0,0,0,0,06a,c
176,176,0,0,0,0,1,"CPV_LOW_S",0,0,0,0,1,0,0,0,0,1,0,1,1,0,0,0,0,06b,c
177,177,0,0,0,0,1,"CPV_LOW_S",0,0,0,0,1,0,0,0,0,1,0,1,1,0,0,0,0,06c,c
178,178,0,0,0,0,1,"CPV_LOW_S",0,0,0,0,1,0,0,0,0,1,0,1,1,0,0,0,0,06d,c
179,179,0,0,0,0,1,"CPV_LOW_S",0,0,0,0,1,0,0,0,0,1,0,1,1,0,0,0,0,06e,c
180,180,0,0,0,0,1,"CPV_LOW_S",0,0,0,0,1,0,0,0,0,1,0,1,1,0,0,0,0,06f,c
181,181,0,0,0,0,1,"CPV_LOW_S",0,0,0,0,1,0,0,0,0,1,0,1,1,0,0,0,0,070,c
182,182,0,0,0,0,1,"CPV_LOW_S",0,0,0,0,1,0,0,0,0,1,0,1,1,0,0,0,0,071,c
183,183,0,0,0,0,1,"CPV_LOW_S",0,0,0,0,1,0,0,0,0,1,0,1,1,0,0,0,0,072,c
184,184,0,0,0,0,1,"CPV_LOW_S",0,0,0,0,1,0,0,0,0,1,0,1,1,0,0,0,0,073,c
185,185,0,0,0,0,1,"CPV_LOW_S",0,0,0,0,1,0,0,0,0,1,0,1,1,0,0,0,0,074,c
186,186,0,0,0,0,1,"CPV_LOW_S",0,0,0,0,1,0,0,0,0,1,0,1,1,0,0,0,0,075,c
187,187,0,0,0,0,1,"CPV_LOW_S",0,0,0,0,1,0,0,0,0,1,0,1,1,0,0,0,0,076,c
188,188,0,0,0,0,1,"CPV_LOW_S",0,0,0,0,1,0,0,0,0,1,0,1,1,0,0,0,0,077,c
189,189,0,0,0,0,1,"CPV_LOW_S",0,0,0,0,1,0,0,0,0,1,0,1,1,0,0,0,0,078,c
190,190,0,0,0,0,1,"CPV_LOW_S",0,0,0,0,1,0,0,0,0,1,0,1,1,0,0,0,0,079,c
191,191,0,0,0,0,1,"CPV_LOW_S",0,0,0,0,1,0,0,0,0,1,0,1,1,0,0,0,0,07a,c
192,192,0,0,0,0,1,"CPV_LOW_S",0,0,0,0,1,0,0,0,0,1,0,1,1,0,0,0,0,07b,c
193,193,0,0,0,0,1,"CPV_LOW_S",0,0,0,0,1,0,0,0,0,1,0,1,1,0,0,0,0,07c,c
194,194,0,0,0,0,1,"CPV_LOW_S",0,0,0,0,1,0,0,0,0,1,0,1,1,0,0,0,0,07d,c
195,195,0,0,0,0,1,"CPV_LOW_S",0,0,0,0,1,0,0,0,0,1,0,1,1,0,0,0,0,07e,c
196,196,0,0,0,0,1,"CPV_LOW_S",0,0,0,0,1,0,0,0,0,1,0,1,1,0,0,0,0,07f,c
197,197,0,0,0,0,1,"CPV_LOW_S",0,0,0,0,1,0,0,0,0,1,0,1,1,0,0,0,0,080,c
198,198,0,0,0,0,1,"CPV_LOW_S",0,0,0,0,1,0,0,0,0,1,0,1,1,0,0,0,0,081,c
199,199,0,0,0,0,1,"CPV_LOW_S",0,0,0,0,1,0,0,0,0,1,0,1,1,0,0,0,0,082,c
200,200,0,0,0,0,1,"CPV_LOW_S",0,0,0,0,1,0,0,0,0,1,0,1,1,0,0,0,0,083,c
201,201,0,0,0,0,1,"CPV_LOW_S",0,0,0,0,1,0,0,0,0,1,0,1,1,0,0,0,0,084,c
202,202,0,0,0,0,1,"CPV_LOW_S",0,0,0,0,1,0,0,0,0,1,0,1,1,0,0,0,0,085,c
203,203,0,0,0,0,1,"CPV_LOW_S",0,0,0,0,1,0,0,0,0,1,0,1,1,0,0,0,0,086,c
204,204,0,0,0,0,1,"CPV_LOW_S",0,0,0,0,1,0,0,0,0,1,0,1,1,0,0,0,0,087,c
205,205,0,0,0,0,1,"CPV_LOW_S",0,0,0,0,1,0,0,0,0,1,0,1,1,0,0,0,0,088,c
206,206,0,0,0,0,1,"CPV_LOW_S",0,0,0,0,1,0,0,0,0,1,0,1,1,0,0,0,0,089,c
207,207,0,0,0,0,1,"CPV_LOW_S",0,0,0,0,1,0,0,0,0,1,0,1,1,0,0,0,0,08a,c
208,208,0,0,0,0,1,"CPV_LOW_S",0,0,0,0,1,0,0,0,0,1,0,1,1,0,0,0,0,08b,c
209,209,0,0,0,0,1,"CPV_LOW_S",0,0,0,0,1,0,0,0,0,1,0,1,1,0,0,0,0,08c,c
210,210,0,0,0,0,1,"CPV_LOW_S",0,0,0,0,1,0,0,0,0,1,0,1,1,0,0,0,0,08d,c
211,211,0,0,0,0,1,"CPV_LOW_S",0,0,0,0,1,0,0,0,0,1,0,1,1,0,0,0,0,08e,c
212,212,0,0,0,0,1,"CPV_LOW_S",0,0,0,0,1,0,0,0,0,1,0,1,1,0,0,0,0,08f,c
213,213,0,0,0,0,1,"CPV_LOW_S",0,0,0,0,1,0,0,0,0,1,0,1,1,0,0,0,0,090,c
214,214,0,0,0,0,1,"CPV_LOW_S",0,0,0,0,1,0,0,0,0,1,0,1,1,0,0,0,0,091,c
215,215,0,0,0,0,1,"CPV_LOW_S",0,0,0,0,1,0,0,0,0,1,0,1,1,0,0,0,0,092,c
216,216,0,0,0,0,1,"CPV_LOW_S",0,0,0,0,1,0,0,0,0,1,0,1,1,0,0,0,0,093,c
217,217,0,0,0,0,1,"CPV_LOW_S",0,0,0,0,1,0,0,0,0,1,0,1,1,0,0,0,0,094,c
218,218,0,0,0,0,1,"CPV_LOW_S",0,0,0,0,1,0,0,0,0,1,0,1,1,0,0,0,0,095,c
219,219,0,0,0,0,1,"CPV_HIGH_S",0,0,0,0,1,0,0,0,0,1,0,1,1,0,0,0,0,000,c
220,220,0,0,0,0,1,"CPV_HIGH_S",0,0,1,0,1,0,0,0,0,1,0,0,0,0,0,0,0,001,c
221,221,0,0,0,0,1,"CPV_HIGH_S",0,0,1,0,1,0,0,0,0,1,0,0,0,0,0,0,0,002,c
222,222,0,0,0,0,1,"CPV_HIGH_S",0,0,1,0,1,0,0,0,0,1,0,0,0,0,0,0,0,003,c
223,223,0,0,0,0,1,"CPV_HIGH_S",0,0,1,0,1,0,0,0,0,1,0,0,0,0,0,0,0,004,c
224,224,0,0,0,0,1,"CPV_HIGH_S",0,0,1,0,1,0,0,0,0,1,0,0,0,0,0,0,0,005,c
225,225,0,0,0,0,1,"CPV_HIGH_S",0,0,1,0,1,0,0,0,0,1,0,0,0,0,0,0,0,006,c
226,226,0,0,0,0,1,"CPV_HIGH_S",0,0,1,0,1,0,0,0,0,1,0,0,0,0,0,0,0,007,c
227,227,0,0,0,0,1,"CPV_HIGH_S",0,0,1,0,1,0,0,0,0,1,0,0,0,0,0,0,0,008,c
228,228,0,0,0,0,1,"CPV_HIGH_S",0,0,1,0,1,0,0,0,0,1,0,0,0,0,0,0,0,009,c
229,229,0,0,0,0,1,"CPV_HIGH_S",0,0,1,0,1,0,0,0,0,1,0,0,0,0,0,0,0,00a,c
230,230,0,0,0,0,1,"CPV_HIGH_S",0,0,1,0,1,0,0,0,0,1,0,0,0,0,0,0,0,00b,c
231,231,0,0,0,0,1,"CPV_HIGH_S",0,0,1,0,1,0,0,0,0,1,0,0,0,0,0,0,0,00c,c
232,232,0,0,0,0,1,"CPV_HIGH_S",0,0,1,0,1,0,0,0,0,1,0,0,0,0,0,0,0,00d,c
233,233,0,0,0,0,1,"CPV_HIGH_S",0,0,1,0,1,0,0,0,0,1,0,0,0,0,0,0,0,00e,c
234,234,0,0,0,0,1,"CPV_HIGH_S",0,0,1,0,1,0,0,0,0,1,0,0,0,0,0,0,0,00f,c
235,235,0,0,0,0,1,"CPV_HIGH_S",0,0,1,0,1,0,0,0,0,1,0,0,0,0,0,0,0,010,c
236,236,0,0,0,0,1,"CPV_HIGH_S",0,0,1,0,1,0,0,0,0,1,0,0,0,0,0,0,0,011,c
237,237,0,0,0,0,1,"CPV_HIGH_S",0,0,1,0,1,0,0,0,0,1,0,0,0,0,0,0,0,012,c
238,238,0,0,0,0,1,"CPV_HIGH_S",0,0,1,0,1,0,0,0,0,1,0,0,0,0,0,0,0,013,c
239,239,0,0,0,0,1,"CPV_HIGH_S",0,0,1,0,1,0,0,0,0,1,0,0,0,0,0,0,0,014,c
240,240,0,0,0,0,1,"CPV_HIGH_S",0,0,1,0,1,0,0,0,0,1,0,0,0,0,0,0,0,015,c
241,241,0,0,0,0,1,"CPV_HIGH_S",0,0,1,0,1,0,0,0,0,1,0,0,0,0,0,0,0,016,c
242,242,0,0,0,0,1,"CPV_HIGH_S",0,0,1,0,1,0,0,0,0,1,0,0,0,0,0,0,0,017,c
243,243,0,0,0,0,1,"CPV_HIGH_S",0,0,1,0,1,0,0,0,0,1,0,0,0,0,0,0,0,018,c
244,244,0,0,0,0,1,"CPV_HIGH_S",0,0,1,0,1,0,0,0,0,1,0,0,0,0,0,0,0,019,c
245,245,0,0,0,0,1,"CPV_HIGH_S",0,0,1,0,1,0,0,0,0,1,0,0,0,0,0,0,0,01a,c
246,246,0,0,0,0,1,"CPV_HIGH_S",0,0,1,0,1,0,0,0,0,1,0,0,0,0,0,0,0,01b,c
247,247,0,0,0,0,1,"CPV_HIGH_S",0,0,1,0,1,0,0,0,0,1,0,0,0,0,0,0,0,01c,c
248,248,0,0,0,0,1,"CPV_HIGH_S",0,0,1,0,1,0,0,0,0,1,0,0,0,0,0,0,0,01d,c
249,249,0,0,0,0,1,"CPV_HIGH_S",0,0,1,0,1,0,0,0,0,1,0,0,0,0,0,0,0,01e,c
250,250,0,0,0,0,1,"CPV_HIGH_S",0,0,1,0,1,0,0,0,0,1,0,0,0,0,0,0,0,01f,c
251,251,0,0,0,0,1,"CPV_HIGH_S",0,0,1,0,1,0,0,0,0,1,0,0,0,0,0,0,0,020,c
252,252,0,0,0,0,1,"CPV_HIGH_S",0,0,1,0,1,0,0,0,0,1,0,0,0,0,0,0,0,021,c
253,253,0,0,0,0,1,"CPV_HIGH_S",0,0,1,0,1,0,0,0,0,1,0,0,0,0,0,0,0,022,c
254,254,0,0,0,0,1,"CPV_HIGH_S",0,0,1,0,1,0,0,0,0,1,0,0,0,0,0,0,0,023,c
255,255,0,0,0,0,1,"CPV_HIGH_S",0,0,1,0,1,0,0,0,0,1,0,0,0,0,0,0,0,024,c
256,256,0,0,0,0,1,"CPV_HIGH_S",0,0,1,0,1,0,0,0,0,1,0,0,0,0,0,0,0,025,c
257,257,0,0,0,0,1,"CPV_HIGH_S",0,0,1,0,1,0,0,0,0,1,0,0,0,0,0,0,0,026,c
258,258,0,0,0,0,1,"CPV_HIGH_S",0,0,1,0,1,0,0,0,0,1,0,0,0,0,0,0,0,027,c
259,259,0,0,0,0,1,"CPV_HIGH_S",0,0,1,0,1,0,0,0,0,1,0,0,0,0,0,0,0,028,c
260,260,0,0,0,0,1,"CPV_HIGH_S",0,0,1,0,1,0,0,0,0,1,0,0,0,0,0,0,0,029,c
261,261,0,0,0,0,1,"CPV_HIGH_S",0,0,1,0,1,0,0,0,0,1,0,0,0,0,0,0,0,02a,c
262,262,0,0,0,0,1,"CPV_HIGH_S",0,0,1,0,1,0,0,0,0,1,0,0,0,0,0,0,0,02b,c
263,263,0,0,0,0,1,"CPV_HIGH_S",0,0,1,0,1,0,0,0,0,1,0,0,0,0,0,0,0,02c,c
264,264,0,0,0,0,1,"CPV_HIGH_S",0,0,1,0,1,0,0,0,0,1,0,0,0,0,0,0,0,02d,c
265,265,0,0,0,0,1,"CPV_HIGH_S",0,0,1,0,1,0,0,0,0,1,0,0,0,0,0,0,0,02e,c
266,266,0,0,0,0,1,"CPV_HIGH_S",0,0,1,0,1,0,0,0,0,1,0,0,0,0,0,0,0,02f,c
267,267,0,0,0,0,1,"CPV_HIGH_S",0,0,1,0,1,0,0,0,0,1,0,0,0,0,0,0,0,030,c
268,268,0,0,0,0,1,"CPV_HIGH_S",0,0,1,0,1,0,0,0,0,1,0,0,0,0,0,0,0,031,c
269,269,0,0,0,0,1,"CPV_HIGH_S",0,0,1,0,1,0,0,0,0,1,0,0,0,0,0,0,0,032,c
270,270,0,0,0,0,1,"CPV_HIGH_S",0,0,1,0,1,0,0,0,0,1,0,0,0,0,0,0,0,033,c
271,271,0,0,0,0,1,"CPV_HIGH_S",0,0,1,0,1,0,0,0,0,1,0,0,0,0,0,0,0,034,c
272,272,0,0,0,0,1,"CPV_HIGH_S",0,0,1,0,1,0,0,0,0,1,0,0,0,0,0,0,0,035,c
273,273,0,0,0,0,1,"CPV_HIGH_S",0,0,1,0,1,0,0,0,0,1,0,0,0,0,0,0,0,036,c
274,274,0,0,0,0,1,"CPV_HIGH_S",0,0,1,0,1,0,0,0,0,1,0,0,0,0,0,0,0,037,c
275,275,0,0,0,0,1,"CPV_HIGH_S",0,0,1,0,1,0,0,0,0,1,0,0,0,0,0,0,0,038,c
276,276,0,0,0,0,1,"CPV_HIGH_S",0,0,1,0,1,0,0,0,0,1,0,0,0,0,0,0,0,039,c
277,277,0,0,0,0,1,"CPV_HIGH_S",0,0,1,0,1,0,0,0,0,1,0,0,0,0,0,0,0,03a,c
278,278,0,0,0,0,1,"CPV_HIGH_S",0,0,1,0,1,0,0,0,0,1,0,0,0,0,0,0,0,03b,c
279,279,0,0,0,0,1,"CPV_HIGH_S",0,0,1,0,1,0,0,0,0,1,0,0,0,0,0,0,0,03c,c
280,280,0,0,0,0,1,"CPV_HIGH_S",0,0,1,0,1,0,0,0,0,1,0,0,0,0,0,0,0,03d,c
281,281,0,0,0,0,1,"CPV_HIGH_S",0,0,1,0,1,0,0,0,0,1,0,0,0,0,0,0,0,03e,c
282,282,0,0,0,0,1,"CPV_HIGH_S",0,0,1,0,1,0,0,0,0,1,0,0,0,0,0,0,0,03f,c
283,283,0,0,0,0,1,"CPV_HIGH_S",0,0,1,0,1,0,0,0,0,1,0,0,0,0,0,0,0,040,c
284,284,0,0,0,0,1,"CPV_HIGH_S",0,0,1,0,1,0,0,0,0,1,0,0,0,0,0,0,0,041,c
285,285,0,0,0,0,1,"CPV_HIGH_S",0,0,1,0,1,0,0,0,0,1,0,0,0,0,0,0,0,042,c
286,286,0,0,0,0,1,"CPV_HIGH_S",0,0,1,0,1,0,0,0,0,1,0,0,0,0,0,0,0,043,c
287,287,0,0,0,0,1,"CPV_HIGH_S",0,0,1,0,1,0,0,0,0,1,0,0,0,0,0,0,0,044,c
288,288,0,0,0,0,1,"CPV_HIGH_S",0,0,1,0,1,0,0,0,0,1,0,0,0,0,0,0,0,045,c
289,289,0,0,0,0,1,"CPV_HIGH_S",0,0,1,0,1,0,0,0,0,1,0,0,0,0,0,0,0,046,c
290,290,0,0,0,0,1,"CPV_HIGH_S",0,0,1,0,1,0,0,0,0,1,0,0,0,0,0,0,0,047,c
291,291,0,0,0,0,1,"CPV_HIGH_S",0,0,1,0,1,0,0,0,0,1,0,0,0,0,0,0,0,048,c
292,292,0,0,0,0,1,"CPV_HIGH_S",0,0,1,0,1,0,0,0,0,1,0,0,0,0,0,0,0,049,c
293,293,0,0,0,0,1,"CPV_HIGH_S",0,0,1,0,1,0,0,0,0,1,0,0,0,0,0,0,0,04a,c
294,294,0,0,0,0,1,"CPV_HIGH_S",0,0,1,0,1,0,0,0,0,1,0,0,0,0,0,0,0,04b,c
295,295,0,0,0,0,1,"CPV_HIGH_S",0,0,1,0,1,0,0,0,0,1,0,0,0,0,0,0,0,04c,c
296,296,0,0,0,0,1,"CPV_HIGH_S",0,0,1,0,1,0,0,0,0,1,0,0,0,0,0,0,0,04d,c
297,297,0,0,0,0,1,"CPV_HIGH_S",0,0,1,0,1,0,0,0,0,1,0,0,0,0,0,0,0,04e,c
298,298,0,0,0,0,1,"CPV_HIGH_S",0,0,1,0,1,0,0,0,0,1,0,0,0,0,0,0,0,04f,c
299,299,0,0,0,0,1,"CPV_HIGH_S",0,0,1,0,1,0,0,0,0,1,0,0,0,0,0,0,0,050,c
300,300,0,0,0,0,1,"CPV_HIGH_S",0,0,1,0,1,0,0,0,0,1,0,0,0,0,0,0,0,051,c
301,301,0,0,0,0,1,"CPV_HIGH_S",0,0,1,0,1,0,0,0,0,1,0,0,0,0,0,0,0,052,c
302,302,0,0,0,0,1,"CPV_HIGH_S",0,0,1,0,1,0,0,0,0,1,0,0,0,0,0,0,0,053,c
303,303,0,0,0,0,1,"CPV_HIGH_S",0,0,1,0,1,0,0,0,0,1,0,0,0,0,0,0,0,054,c
304,304,0,0,0,0,1,"CPV_HIGH_S",0,0,1,0,1,0,0,0,0,1,0,0,0,0,0,0,0,055,c
305,305,0,0,0,0,1,"CPV_HIGH_S",0,0,1,0,1,0,0,0,0,1,0,0,0,0,0,0,0,056,c
306,306,0,0,0,0,1,"CPV_HIGH_S",0,0,1,0,1,0,0,0,0,1,0,0,0,0,0,0,0,057,c
307,307,0,0,0,0,1,"CPV_HIGH_S",0,0,1,0,1,0,0,0,0,1,0,0,0,0,0,0,0,058,c
308,308,0,0,0,0,1,"CPV_HIGH_S",0,0,1,0,1,0,0,0,0,1,0,0,0,0,0,0,0,059,c
309,309,0,0,0,0,1,"CPV_HIGH_S",0,0,1,0,1,0,0,0,0,1,0,0,0,0,0,0,0,05a,c
310,310,0,0,0,0,1,"CPV_HIGH_S",0,0,1,0,1,0,0,0,0,1,0,0,0,0,0,0,0,05b,c
311,311,0,0,0,0,1,"CPV_HIGH_S",0,0,1,0,1,0,0,0,0,1,0,0,0,0,0,0,0,05c,c
312,312,0,0,0,0,1,"CPV_HIGH_S",0,0,1,0,1,0,0,0,0,1,0,0,0,0,0,0,0,05d,c
313,313,0,0,0,0,1,"CPV_HIGH_S",0,0,1,0,1,0,0,0,0,1,0,0,0,0,0,0,0,05e,c
314,314,0,0,0,0,1,"CPV_HIGH_S",0,0,1,0,1,0,0,0,0,1,0,0,0,0,0,0,0,05f,c
315,315,0,0,0,0,1,"CPV_HIGH_S",0,0,1,0,1,0,0,0,0,1,0,0,0,0,0,0,0,060,c
316,316,0,0,0,0,1,"CPV_HIGH_S",0,0,1,0,1,0,0,0,0,1,0,0,0,0,0,0,0,061,c
317,317,0,0,0,0,1,"CPV_HIGH_S",0,0,1,0,1,0,0,0,0,1,0,0,0,0,0,0,0,062,c
318,318,0,0,0,0,1,"CPV_HIGH_S",0,0,1,0,1,0,0,0,0,1,0,0,0,0,0,0,0,063,c
319,319,0,0,0,0,1,"CPV_HIGH_S",0,0,1,0,1,0,0,0,0,1,0,0,0,0,0,0,0,064,c
320,320,0,0,0,0,1,"CPV_HIGH_S",0,0,1,0,1,0,0,0,0,1,0,0,0,0,0,0,0,065,c
321,321,0,0,0,0,1,"CPV_HIGH_S",0,0,1,0,1,0,0,0,0,1,0,0,0,0,0,0,0,066,c
322,322,0,0,0,0,1,"CPV_HIGH_S",0,0,1,0,1,0,0,0,0,1,0,0,0,0,0,0,0,067,c
323,323,0,0,0,0,1,"CPV_HIGH_S",0,0,1,0,1,0,0,0,0,1,0,0,0,0,0,0,0,068,c
324,324,0,0,0,0,1,"CPV_HIGH_S",0,0,1,0,1,0,0,0,0,1,0,0,0,0,0,0,0,069,c
325,325,0,0,0,0,1,"CPV_HIGH_S",0,0,1,0,1,0,0,0,0,1,0,0,0,0,0,0,0,06a,c
326,326,0,0,0,0,1,"CPV_HIGH_S",0,0,1,0,1,0,0,0,0,1,0,0,0,0,0,0,0,06b,c
327,327,0,0,0,0,1,"CPV_HIGH_S",0,0,1,0,1,0,0,0,0,1,0,0,0,0,0,0,0,06c,c
328,328,0,0,0,0,1,"CPV_HIGH_S",0,0,1,0,1,0,0,0,0,1,0,0,0,0,0,0,0,06d,c
329,329,0,0,0,0,1,"CPV_HIGH_S",0,0,1,0,1,0,0,0,0,1,0,0,0,0,0,0,0,06e,c
330,330,0,0,0,0,1,"CPV_HIGH_S",0,0,1,0,1,0,0,0,0,1,0,0,0,0,0,0,0,06f,c
331,331,0,0,0,0,1,"CPV_HIGH_S",0,0,1,0,1,0,0,0,0,1,0,0,0,0,0,0,0,070,c
332,332,0,0,0,0,1,"CPV_HIGH_S",0,0,1,0,1,0,0,0,0,1,0,0,0,0,0,0,0,071,c
333,333,0,0,0,0,1,"CPV_HIGH_S",0,0,1,0,1,0,0,0,0,1,0,0,0,0,0,0,0,072,c
334,334,0,0,0,0,1,"CPV_HIGH_S",0,0,1,0,1,0,0,0,0,1,0,0,0,0,0,0,0,073,c
335,335,0,0,0,0,1,"CPV_HIGH_S",0,0,1,0,1,0,0,0,0,1,0,0,0,0,0,0,0,074,c
336,336,0,0,0,0,1,"CPV_HIGH_S",0,0,1,0,1,0,0,0,0,1,0,0,0,0,0,0,0,075,c
337,337,0,0,0,0,1,"CPV_HIGH_S",0,0,1,0,1,0,0,0,0,1,0,0,0,0,0,0,0,076,c
338,338,0,0,0,0,1,"CPV_HIGH_S",0,0,1,0,1,0,0,0,0,1,0,0,0,0,0,0,0,077,c
339,339,0,0,0,0,1,"CPV_HIGH_S",0,0,1,0,1,0,0,0,0,1,0,0,0,0,0,0,0,078,c
340,340,0,0,0,0,1,"CPV_HIGH_S",0,0,1,0,1,0,0,0,0,1,0,0,0,0,0,0,0,079,c
341,341,0,0,0,0,1,"CPV_HIGH_S",0,0,1,0,1,0,0,0,0,1,0,0,0,0,0,0,0,07a,c
342,342,0,0,0,0,1,"CPV_HIGH_S",0,0,1,0,1,0,0,0,0,1,0,0,0,0,0,0,0,07b,c
343,343,0,0,0,0,1,"CPV_HIGH_S",0,0,1,0,1,0,0,0,0,1,0,0,0,0,0,0,0,07c,c
344,344,0,0,0,0,1,"CPV_HIGH_S",0,0,1,0,1,0,0,0,0,1,0,0,0,0,0,0,0,07d,c
345,345,0,0,0,0,1,"CPV_HIGH_S",0,0,1,0,1,0,0,0,0,1,0,0,0,0,0,0,0,07e,c
346,346,0,0,0,0,1,"CPV_HIGH_S",0,0,1,0,1,0,0,0,0,1,0,0,0,0,0,0,0,07f,c
347,347,0,0,0,0,1,"CPV_HIGH_S",0,0,1,0,1,0,0,0,0,1,0,0,0,0,0,0,0,080,c
348,348,0,0,0,0,1,"CPV_HIGH_S",0,0,1,0,1,0,0,0,0,1,0,0,0,0,0,0,0,081,c
349,349,0,0,0,0,1,"CPV_HIGH_S",0,0,1,0,1,0,0,0,0,1,0,0,0,0,0,0,0,082,c
350,350,0,0,0,0,1,"CPV_HIGH_S",0,0,1,0,1,0,0,0,0,1,0,0,0,0,0,0,0,083,c
351,351,0,0,0,0,1,"CPV_HIGH_S",0,0,1,0,1,0,0,0,0,1,0,0,0,0,0,0,0,084,c
352,352,0,0,0,0,1,"CPV_HIGH_S",0,0,1,0,1,0,0,0,0,1,0,0,0,0,0,0,0,085,c
353,353,0,0,0,0,1,"CPV_HIGH_S",0,0,1,0,1,0,0,0,0,1,0,0,0,0,0,0,0,086,c
354,354,0,0,0,0,1,"CPV_HIGH_S",0,0,1,0,1,0,0,0,0,1,0,0,0,0,0,0,0,087,c
355,355,0,0,0,0,1,"CPV_HIGH_S",0,0,1,0,1,0,0,0,0,1,0,0,0,0,0,0,0,088,c
356,356,0,0,0,0,1,"CPV_HIGH_S",0,0,1,0,1,0,0,0,0,1,0,0,0,0,0,0,0,089,c
357,357,0,0,0,0,1,"CPV_HIGH_S",0,0,1,0,1,0,0,0,0,1,0,0,0,0,0,0,0,08a,c
358,358,0,0,0,0,1,"CPV_HIGH_S",0,0,1,0,1,0,0,0,0,1,0,0,0,0,0,0,0,08b,c
359,359,0,0,0,0,1,"CPV_HIGH_S",0,0,1,0,1,0,0,0,0,1,0,0,0,0,0,0,0,08c,c
360,360,0,0,0,0,1,"CPV_HIGH_S",0,0,1,0,1,0,0,0,0,1,0,0,0,0,0,0,0,08d,c
361,361,0,0,0,0,1,"CPV_HIGH_S",0,0,1,0,1,0,0,0,0,1,0,0,0,0,0,0,0,08e,c
362,362,0,0,0,0,1,"CPV_HIGH_S",0,0,1,0,1,0,0,0,0,1,0,0,0,0,0,0,0,08f,c
363,363,0,0,0,0,1,"CPV_HIGH_S",0,0,1,0,1,0,0,0,0,1,0,0,0,0,0,0,0,090,c
364,364,0,0,0,0,1,"CPV_HIGH_S",0,0,1,0,1,0,0,0,0,1,0,0,0,0,0,0,0,091,c
365,365,0,0,0,0,1,"CPV_HIGH_S",0,0,1,0,1,0,0,0,0,1,0,0,0,0,0,0,0,092,c
366,366,0,0,0,0,1,"CPV_HIGH_S",0,0,1,0,1,0,0,0,0,1,0,0,0,0,0,0,0,093,c
367,367,0,0,0,0,1,"CPV_HIGH_S",0,0,1,0,1,0,0,0,0,1,0,0,0,0,0,0,0,094,c
368,368,0,0,0,0,1,"CPV_HIGH_S",0,0,1,0,1,0,0,0,0,1,0,0,0,0,0,0,0,095,c
369,369,0,0,0,1,1,"WAIT_LINE",0,0,0,0,1,0,0,0,0,1,0,0,0,0,0,0,0,000,0
370,370,0,0,0,0,1,"WAIT_LINE",0,0,0,0,1,0,0,0,0,1,0,1,1,0,0,0,0,001,0
371,371,0,0,0,0,1,"WAIT_LINE",0,0,0,0,1,0,0,0,0,1,0,1,1,0,0,0,0,002,0
372,372,0,0,0,0,1,"WAIT_LINE",0,0,0,0,1,0,0,0,0,1,0,1,1,0,0,0,0,003,0
373,373,0,0,0,0,1,"WAIT_LINE",0,0,0,0,1,0,0,0,0,1,0,1,1,0,0,0,0,004,0
374,374,0,0,0,0,1,"WAIT_LINE",0,0,0,0,1,0,0,0,0,1,0,1,1,0,0,0,0,005,0
375,375,0,0,0,0,1,"WAIT_LINE",0,0,0,0,1,0,0,0,0,1,0,1,1,0,0,0,0,006,0
376,376,0,0,0,0,1,"WAIT_LINE",0,0,0,0,1,0,0,0,0,1,0,1,1,0,0,0,0,007,0
377,377,0,0,0,0,1,"WAIT_LINE",0,0,0,0,1,0,0,0,0,1,0,1,1,0,0,0,0,008,0
378,378,0,0,0,0,1,"WAIT_LINE",0,0,0,0,1,0,0,0,0,1,0,1,1,0,0,0,0,009,0
379,379,0,0,0,0,1,"WAIT_LINE",0,0,0,0,1,0,0,0,0,1,0,1,1,0,0,0,0,00a,0
380,380,0,0,0,0,1,"WAIT_LINE",0,0,0,0,1,0,0,0,0,1,0,1,1,0,0,0,0,00b,0
381,381,0,0,0,0,1,"WAIT_LINE",0,0,0,0,1,0,0,0,0,1,0,1,1,0,0,0,0,00c,0
382,382,0,0,0,0,1,"WAIT_LINE",0,0,0,0,1,0,0,0,0,1,0,1,1,0,0,0,0,00d,0
383,383,0,0,0,0,1,"WAIT_LINE",0,0,0,0,1,0,0,0,0,1,0,1,1,0,0,0,0,00e,0
384,384,0,0,0,0,1,"WAIT_LINE",0,0,0,0,1,0,0,0,0,1,0,1,1,0,0,0,0,00f,0
385,385,0,0,0,0,1,"WAIT_LINE",0,0,0,0,1,0,0,0,0,1,0,1,1,0,0,0,0,010,0
386,386,0,0,0,0,1,"WAIT_LINE",0,0,0,0,1,0,0,0,0,1,0,1,1,0,0,0,0,011,0
387,387,0,0,0,0,1,"WAIT_LINE",0,0,0,0,1,0,0,0,0,1,0,1,1,0,0,0,0,012,0
388,388,0,0,0,0,1,"WAIT_LINE",0,0,0,0,1,0,0,0,0,1,0,1,1,0,0,0,0,013,0
389,389,0,0,1,0,0,"IDLE",0,0,0,0,1,0,0,0,0,1,0,1,1,0,0,0,0,000,0
390,390,0,0,0,0,1,"STV_SETUP_S",0,0,0,0,1,0,0,0,0,1,0,1,1,0,0,0,0,000,0
391,391,0,0,0,0,1,"STV_SETUP_S",0,0,0,0,1,0,0,0,0,1,0,1,1,0,0,0,0,001,0
392,392,0,0,0,0,1,"STV_SETUP_S",0,0,0,0,1,0,0,0,0,1,0,1,1,0,0,0,0,002,0
393,393,0,0,0,0,1,"STV_SETUP_S",0,0,0,0,1,0,0,0,0,1,0,1,1,0,0,0,0,003,0
394,394,0,0,0,0,1,"STV_SETUP_S",0,0,0,0,1,0,0,0,0,1,0,1,1,0,0,0,0,004,0
395,395,0,0,0,0,1,"STV_SETUP_S",0,0,0,0,1,0,0,0,0,1,0,1,1,0,0,0,0,005,0
396,396,0,0,0,0,1,"STV_SETUP_S",0,0,0,0,1,0,0,0,0,1,0,1,1,0,0,0,0,006,0
397,397,0,0,0,0,1,"STV_SETUP_S",0,0,0,0,1,0,0,0,0,1,0,1,1,0,0,0,0,007,0
398,398,0,0,0,0,1,"STV_SETUP_S",0,0,0,0,1,0,0,0,0,1,0,1,1,0,0,0,0,008,0
399,399,0,0,0,0,1,"STV_SETUP_S",0,0,0,0,1,0,0,0,0,1,0,1,1,0,0,0,0,009,0
400,400,0,0,0,0,1,"STV_SETUP_S",0,0,0,0,1,0,0,0,0,1,0,1,1,0,0,0,0,00a,0
401,401,0,0,0,0,1,"STV_SETUP_S",0,0,0,0,1,0,0,0,0,1,0,1,1,0,0,0,0,00b,0
402,402,0,0,0,0,1,"STV_SETUP_S",0,0,0,0,1,0,0,0,0,1,0,1,1,0,0,0,0,00c,0
403,403,0,0,0,0,1,"STV_SETUP_S",0,0,0,0,1,0,0,0,0,1,0,1,1,0,0,0,0,00d,0
404,404,0,0,0,0,1,"STV_SETUP_S",0,0,0,0,1,0,0,0,0,1,0,1,1,0,0,0,0,00e,0
405,405,0,0,0,0,1,"STV1_ONLY_S",0,0,0,0,1,0,0,0,0,1,0,1,1,0,0,0,0,000,0
406,406,0,0,0,0,1,"STV1_ONLY_S",0,1,0,0,1,0,0,0,0,1,0,1,1,0,0,0,0,001,0
407,407,0,0,0,0,1,"STV1_ONLY_S",0,1,0,0,1,0,0,0,0,1,0,1,1,0,0,0,0,002,0
408,408,0,0,0,0,1,"STV1_ONLY_S",0,1,0,0,1,0,0,0,0,1,0,1,1,0,0,0,0,003,0
409,409,0,0,0,0,1,"STV1_ONLY_S",0,1,0,0,1,0,0,0,0,1,0,1,1,0,0,0,0,004,0
410,410,0,0,0,0,1,"STV1_ONLY_S",0,1,0,0,1,0,0,0,0,1,0,1,1,0,0,0,0,005,0
411,411,0,0,0,0,1,"STV1_ONLY_S",0,1,0,0,1,0,0,0,0,1,0,1,1,0,0,0,0,006,0
412,412,0,0,0,0,1,"STV1_ONLY_S",0,1,0,0,1,0,0,0,0,1,0,1,1,0,0,0,0,007,0
413,413,0,0,0,0,1,"STV1_ONLY_S",0,1,0,0,1,0,0,0,0,1,0,1,1,0,0,0,0,008,0
414,414,0,0,0,0,1,"STV1_ONLY_S",0,1,0,0,1,0,0,0,0,1,0,1,1,0,0,0,0,009,0
415,415,0,0,0,0,1,"STV1_ONLY_S",0,1,0,0,1,0,0,0,0,1,0,1,1,0,0,0,0,00a,0
416,416,0,0,0,0,1,"STV1_ONLY_S",0,1,0,0,1,0,0,0,0,1,0,1,1,0,0,0,0,00b,0
417,417,0,0,0,0,1,"STV1_ONLY_S",0,1,0,0,1,0,0,0,0,1,0,1,1,0,0,0,0,00c,0
418,418,0,0,0,0,1,"STV1_ONLY_S",0,1,0,0,1,0,0,0,0,1,0,1,1,0,0,0,0,00d,0
419,419,0,0,0,0,1,"STV1_ONLY_S",0,1,0,0,1,0,0,0,0,1,0,1,1,0,0,0,0,00e,0
420,420,0,0,0,0,1,"STV1_ONLY_S",0,1,0,0,1,0,0,0,0,1,0,1,1,0,0,0,0,00f,0
421,421,0,0,0,0,1,"STV1_ONLY_S",0,1,0,0,1,0,0,0,0,1,0,1,1,0,0,0,0,010,0
422,422,0,0,0,0,1,"STV1_ONLY_S",0,1,0,0,1,0,0,0,0,1,0,1,1,0,0,0,0,011,0
423,423,0,0,0,0,1,"STV1_ONLY_S",0,1,0,0,1,0,0,0,0,1,0,1,1,0,0,0,0,012,0
424,424,0,0,0,0,1,"STV1_ONLY_S",0,1,0,0,1,0,0,0,0,1,0,1,1,0,0,0,0,013,0
425,425,0,0,0,0,1,"CPV_LOW_S",0,0,0,0,1,0,0,0,0,1,0,1,1,0,0,0,0,000,0
426,426,0,0,0,0,1,"CPV_LOW_S",0,0,0,0,1,0,0,0,0,1,0,1,1,0,0,0,0,001,0
427,427,0,0,0,0,1,"CPV_LOW_S",0,0,0,0,1,0,0,0,0,1,0,1,1,0,0,0,0,002,0
428,428,0,0,0,0,1,"CPV_LOW_S",0,0,0,0,1,0,0,0,0,1,0,1,1,0,0,0,0,003,0
429,429,0,0,0,0,1,"CPV_LOW_S",0,0,0,0,1,0,0,0,0,1,0,1,1,0,0,0,0,004,0
430,430,0,0,0,0,1,"CPV_LOW_S",0,0,0,0,1,0,0,0,0,1,0,1,1,0,0,0,0,005,0
431,431,0,0,0,0,1,"CPV_LOW_S",0,0,0,0,1,0,0,0,0,1,0,1,1,0,0,0,0,006,0
432,432,0,0,0,0,1,"CPV_LOW_S",0,0,0,0,1,0,0,0,0,1,0,1,1,0,0,0,0,007,0
433,433,0,0,0,0,1,"CPV_LOW_S",0,0,0,0,1,0,0,0,0,1,0,1,1,0,0,0,0,008,0
434,434,0,0,0,0,1,"CPV_LOW_S",0,0,0,0,1,0,0,0,0,1,0,1,1,0,0,0,0,009,0
435,435,0,0,0,0,1,"CPV_LOW_S",0,0,0,0,1,0,0,0,0,1,0,1,1,0,0,0,0,00a,0
436,436,0,0,0,0,1,"CPV_LOW_S",0,0,0,0,1,0,0,0,0,1,0,1,1,0,0,0,0,00b,0
437,437,0,0,0,0,1,"CPV_LOW_S",0,0,0,0,1,0,0,0,0,1,0,1,1,0,0,0,0,00c,0
438,438,0,0,0,0,1,"CPV_LOW_S",0,0,0,0,1,0,0,0,0,1,0,1,1,0,0,0,0,00d,0
439,439,0,0,0,0,1,"CPV_LOW_S",0,0,0,0,1,0,0,0,0,1,0,1,1,0,0,0,0,00e,0
440,440,0,0,0,0,1,"CPV_LOW_S",0,0,0,0,1,0,0,0,0,1,0,1,1,0,0,0,0,00f,0
441,441,0,0,0,0,1,"CPV_LOW_S",0,0,0,0,1,0,0,0,0,1,0,1,1,0,0,0,0,010,0
442,442,0,0,0,0,1,"CPV_LOW_S",0,0,0,0,1,0,0,0,0,1,0,1,1,0,0,0,0,011,0
443,443,0,0,0,0,1,"CPV_LOW_S",0,0,0,0,1,0,0,0,0,1,0,1,1,0,0,0,0,012,0
444,444,0,0,0,0,1,"CPV_LOW_S",0,0,0,0,1,0,0,0,0,1,0,1,1,0,0,0,0,013,0
445,445,0,0,0,0,1,"CPV_LOW_S",0,0,0,0,1,0,0,0,0,1,0,1,1,0,0,0,0,014,0
446,446,0,0,0,0,1,"CPV_LOW_S",0,0,0,0,1,0,0,0,0,1,0,1,1,0,0,0,0,015,0
447,447,0,0,0,0,1,"CPV_LOW_S",0,0,0,0,1,0,0,0,0,1,0,1,1,0,0,0,0,016,0
448,448,0,0,0,0,1,"CPV_LOW_S",0,0,0,0,1,0,0,0,0,1,0,1,1,0,0,0,0,017,0
449,449,0,0,0,0,1,"CPV_LOW_S",0,0,0,0,1,0,0,0,0,1,0,1,1,0,0,0,0,018,0
450,450,0,0,0,0,1,"CPV_LOW_S",0,0,0,0,1,0,0,0,0,1,0,1,1,0,0,0,0,019,0
451,451,0,0,0,0,1,"CPV_LOW_S",0,0,0,0,1,0,0,0,0,1,0,1,1,0,0,0,0,01a,0
452,452,0,0,0,0,1,"CPV_LOW_S",0,0,0,0,1,0,0,0,0,1,0,1,1,0,0,0,0,01b,0
453,453,0,0,0,0,1,"CPV_LOW_S",0,0,0,0,1,0,0,0,0,1,0,1,1,0,0,0,0,01c,0
454,454,0,0,0,0,1,"CPV_LOW_S",0,0,0,0,1,0,0,0,0,1,0,1,1,0,0,0,0,01d,0
455,455,0,0,0,0,1,"CPV_LOW_S",0,0,0,0,1,0,0,0,0,1,0,1,1,0,0,0,0,01e,0
456,456,0,0,0,0,1,"CPV_LOW_S",0,0,0,0,1,0,0,0,0,1,0,1,1,0,0,0,0,01f,0
457,457,0,0,0,0,1,"CPV_LOW_S",0,0,0,0,1,0,0,0,0,1,0,1,1,0,0,0,0,020,0
458,458,0,0,0,0,1,"CPV_LOW_S",0,0,0,0,1,0,0,0,0,1,0,1,1,0,0,0,0,021,0
459,459,0,0,0,0,1,"CPV_LOW_S",0,0,0,0,1,0,0,0,0,1,0,1,1,0,0,0,0,022,0
460,460,0,0,0,0,1,"CPV_LOW_S",0,0,0,0,1,0,0,0,0,1,0,1,1,0,0,0,0,023,0
461,461,0,0,0,0,1,"CPV_LOW_S",0,0,0,0,1,0,0,0,0,1,0,1,1,0,0,0,0,024,0
462,462,0,0,0,0,1,"CPV_LOW_S",0,0,0,0,1,0,0,0,0,1,0,1,1,0,0,0,0,025,0
463,463,0,0,0,0,1,"CPV_LOW_S",0,0,0,0,1,0,0,0,0,1,0,1,1,0,0,0,0,026,0
464,464,0,0,0,0,1,"CPV_LOW_S",0,0,0,0,1,0,0,0,0,1,0,1,1,0,0,0,0,027,0
465,465,0,0,0,0,1,"CPV_LOW_S",0,0,0,0,1,0,0,0,0,1,0,1,1,0,0,0,0,028,0
466,466,0,0,0,0,1,"CPV_LOW_S",0,0,0,0,1,0,0,0,0,1,0,1,1,0,0,0,0,029,0
467,467,0,0,0,0,1,"CPV_LOW_S",0,0,0,0,1,0,0,0,0,1,0,1,1,0,0,0,0,02a,0
468,468,0,0,0,0,1,"CPV_LOW_S",0,0,0,0,1,0,0,0,0,1,0,1,1,0,0,0,0,02b,0
469,469,0,0,0,0,1,"CPV_LOW_S",0,0,0,0,1,0,0,0,0,1,0,1,1,0,0,0,0,02c,0
470,470,0,0,0,0,1,"CPV_LOW_S",0,0,0,0,1,0,0,0,0,1,0,1,1,0,0,0,0,02d,0
471,471,0,0,0,0,1,"CPV_LOW_S",0,0,0,0,1,0,0,0,0,1,0,1,1,0,0,0,0,02e,0
472,472,0,0,0,0,1,"CPV_LOW_S",0,0,0,0,1,0,0,0,0,1,0,1,1,0,0,0,0,02f,0
473,473,0,0,0,0,1,"CPV_LOW_S",0,0,0,0,1,0,0,0,0,1,0,1,1,0,0,0,0,030,0
474,474,0,0,0,0,1,"CPV_LOW_S",0,0,0,0,1,0,0,0,0,1,0,1,1,0,0,0,0,031,0
475,475,0,0,0,0,1,"CPV_LOW_S",0,0,0,0,1,0,0,0,0,1,0,1,1,0,0,0,0,032,0
476,476,0,0,0,0,1,"CPV_LOW_S",0,0,0,0,1,0,0,0,0,1,0,1,1,0,0,0,0,033,0
477,477,0,0,0,0,1,"CPV_LOW_S",0,0,0,0,1,0,0,0,0,1,0,1,1,0,0,0,0,034,0
478,478,0,0,0,0,1,"CPV_LOW_S",0,0,0,0,1,0,0,0,0,1,0,1,1,0,0,0,0,035,0
479,479,0,0,0,0,1,"CPV_LOW_S",0,0,0,0,1,0,0,0,0,1,0,1,1,0,0,0,0,036,0
480,480,0,0,0,0,1,"CPV_LOW_S",0,0,0,0,1,0,0,0,0,1,0,1,1,0,0,0,0,037,0
481,481,0,0,0,0,1,"CPV_LOW_S",0,0,0,0,1,0,0,0,0,1,0,1,1,0,0,0,0,038,0
482,482,0,0,0,0,1,"CPV_LOW_S",0,0,0,0,1,0,0,0,0,1,0,1,1,0,0,0,0,039,0
483,483,0,0,0,0,1,"CPV_LOW_S",0,0,0,0,1,0,0,0,0,1,0,1,1,0,0,0,0,03a,0
484,484,0,0,0,0,1,"CPV_LOW_S",0,0,0,0,1,0,0,0,0,1,0,1,1,0,0,0,0,03b,0
485,485,0,0,0,0,1,"CPV_LOW_S",0,0,0,0,1,0,0,0,0,1,0,1,1,0,0,0,0,03c,0
486,486,0,0,0,0,1,"CPV_LOW_S",0,0,0,0,1,0,0,0,0,1,0,1,1,0,0,0,0,03d,0
487,487,0,0,0,0,1,"CPV_LOW_S",0,0,0,0,1,0,0,0,0,1,0,1,1,0,0,0,0,03e,0
488,488,0,0,0,0,1,"CPV_LOW_S",0,0,0,0,1,0,0,0,0,1,0,1,1,0,0,0,0,03f,0
489,489,0,0,0,0,1,"CPV_LOW_S",0,0,0,0,1,0,0,0,0,1,0,1,1,0,0,0,0,040,0
490,490,0,0,0,0,1,"CPV_LOW_S",0,0,0,0,1,0,0,0,0,1,0,1,1,0,0,0,0,041,0
491,491,0,0,0,0,1,"CPV_LOW_S",0,0,0,0,1,0,0,0,0,1,0,1,1,0,0,0,0,042,0
492,492,0,0,0,0,1,"CPV_LOW_S",0,0,0,0,1,0,0,0,0,1,0,1,1,0,0,0,0,043,0
493,493,0,0,0,0,1,"CPV_LOW_S",0,0,0,0,1,0,0,0,0,1,0,1,1,0,0,0,0,044,0
494,494,0,0,0,0,1,"CPV_LOW_S",0,0,0,0,1,0,0,0,0,1,0,1,1,0,0,0,0,045,0
495,495,0,0,0,0,1,"CPV_LOW_S",0,0,0,0,1,0,0,0,0,1,0,1,1,0,0,0,0,046,0
496,496,0,0,0,0,1,"CPV_LOW_S",0,0,0,0,1,0,0,0,0,1,0,1,1,0,0,0,0,047,0
497,497,0,0,0,0,1,"CPV_LOW_S",0,0,0,0,1,0,0,0,0,1,0,1,1,0,0,0,0,048,0
498,498,0,0,0,0,1,"CPV_LOW_S",0,0,0,0,1,0,0,0,0,1,0,1,1,0,0,0,0,049,0
499,499,0,0,0,0,1,"CPV_LOW_S",0,0,0,0,1,0,0,0,0,1,0,1,1,0,0,0,0,04a,0
500,500,0,0,0,0,1,"CPV_LOW_S",0,0,0,0,1,0,0,0,0,1,0,1,1,0,0,0,0,04b,0
501,501,0,0,0,0,1,"CPV_LOW_S",0,0,0,0,1,0,0,0,0,1,0,1,1,0,0,0,0,04c,0
502,502,0,0,0,0,1,"CPV_LOW_S",0,0,0,0,1,0,0,0,0,1,0,1,1,0,0,0,0,04d,0
503,503,0,0,0,0,1,"CPV_LOW_S",0,0,0,0,1,0,0,0,0,1,0,1,1,0,0,0,0,04e,0
504,504,0,0,0,0,1,"CPV_LOW_S",0,0,0,0,1,0,0,0,0,1,0,1,1,0,0,0,0,04f,0
505,505,0,0,0,0,1,"CPV_LOW_S",0,0,0,0,1,0,0,0,0,1,0,1,1,0,0,0,0,050,0
506,506,0,0,0,0,1,"CPV_LOW_S",0,0,0,0,1,0,0,0,0,1,0,1,1,0,0,0,0,051,0
507,507,0,0,0,0,1,"CPV_LOW_S",0,0,0,0,1,0,0,0,0,1,0,1,1,0,0,0,0,052,0
508,508,0,0,0,0,1,"CPV_LOW_S",0,0,0,0,1,0,0,0,0,1,0,1,1,0,0,0,0,053,0
509,509,0,0,0,0,1,"CPV_LOW_S",0,0,0,0,1,0,0,0,0,1,0,1,1,0,0,0,0,054,0
510,510,0,0,0,0,1,"CPV_LOW_S",0,0,0,0,1,0,0,0,0,1,0,1,1,0,0,0,0,055,0
511,511,0,0,0,0,1,"CPV_LOW_S",0,0,0,0,1,0,0,0,0,1,0,1,1,0,0,0,0,056,0
512,512,0,0,0,0,1,"CPV_LOW_S",0,0,0,0,1,0,0,0,0,1,0,1,1,0,0,0,0,057,0
513,513,0,0,0,0,1,"CPV_LOW_S",0,0,0,0,1,0,0,0,0,1,0,1,1,0,0,0,0,058,0
514,514,0,0,0,0,1,"CPV_LOW_S",0,0,0,0,1,0,0,0,0,1,0,1,1,0,0,0,0,059,0
515,515,0,0,0,0,1,"CPV_LOW_S",0,0,0,0,1,0,0,0,0,1,0,1,1,0,0,0,0,05a,0
516,516,0,0,0,0,1,"CPV_LOW_S",0,0,0,0,1,0,0,0,0,1,0,1,1,0,0,0,0,05b,0
517,517,0,0,0,0,1,"CPV_LOW_S",0,0,0,0,1,0,0,0,0,1,0,1,1,0,0,0,0,05c,0
518,518,0,0,0,0,1,"CPV_LOW_S",0,0,0,0,1,0,0,0,0,1,0,1,1,0,0,0,0,05d,0
519,519,0,0,0,0,1,"CPV_LOW_S",0,0,0,0,1,0,0,0,0,1,0,1,1,0,0,0,0,05e,0
520,520,0,0,0,0,1,"CPV_LOW_S",0,0,0,0,1,0,0,0,0,1,0,1,1,0,0,0,0,05f,0
521,521,0,0,0,0,1,"CPV_LOW_S",0,0,0,0,1,0,0,0,0,1,0,1,1,0,0,0,0,060,0
522,522,0,0,0,0,1,"CPV_LOW_S",0,0,0,0,1,0,0,0,0,1,0,1,1,0,0,0,0,061,0
523,523,0,0,0,0,1,"CPV_LOW_S",0,0,0,0,1,0,0,0,0,1,0,1,1,0,0,0,0,062,0
524,524,0,0,0,0,1,"CPV_LOW_S",0,0,0,0,1,0,0,0,0,1,0,1,1,0,0,0,0,063,0
525,525,0,0,0,0,1,"CPV_LOW_S",0,0,0,0,1,0,0,0,0,1,0,1,1,0,0,0,0,064,0
526,526,0,0,0,0,1,"CPV_LOW_S",0,0,0,0,1,0,0,0,0,1,0,1,1,0,0,0,0,065,0
527,527,0,0,0,0,1,"CPV_LOW_S",0,0,0,0,1,0,0,0,0,1,0,1,1,0,0,0,0,066,0
528,528,0,0,0,0,1,"CPV_LOW_S",0,0,0,0,1,0,0,0,0,1,0,1,1,0,0,0,0,067,0
529,529,0,0,0,0,1,"CPV_LOW_S",0,0,0,0,1,0,0,0,0,1,0,1,1,0,0,0,0,068,0
530,530,0,0,0,0,1,"CPV_LOW_S",0,0,0,0,1,0,0,0,0,1,0,1,1,0,0,0,0,069,0
531,531,0,0,0,0,1,"CPV_LOW_S",0,0,0,0,1,0,0,0,0,1,0,1,1,0,0,0,0,06a,0
532,532,0,0,0,0,1,"CPV_LOW_S",0,0,0,0,1,0,0,0,0,1,0,1,1,0,0,0,0,06b,0
533,533,0,0,0,0,1,"CPV_LOW_S",0,0,0,0,1,0,0,0,0,1,0,1,1,0,0,0,0,06c,0
534,534,0,0,0,0,1,"CPV_LOW_S",0,0,0,0,1,0,0,0,0,1,0,1,1,0,0,0,0,06d,0
535,535,0,0,0,0,1,"CPV_LOW_S",0,0,0,0,1,0,0,0,0,1,0,1,1,0,0,0,0,06e,0
536,536,0,0,0,0,1,"CPV_LOW_S",0,0,0,0,1,0,0,0,0,1,0,1,1,0,0,0,0,06f,0
537,537,0,0,0,0,1,"CPV_LOW_S",0,0,0,0,1,0,0,0,0,1,0,1,1,0,0,0,0,070,0
538,538,0,0,0,0,1,"CPV_LOW_S",0,0,0,0,1,0,0,0,0,1,0,1,1,0,0,0,0,071,0
539,539,0,0,0,0,1,"CPV_LOW_S",0,0,0,0,1,0,0,0,0,1,0,1,1,0,0,0,0,072,0
540,540,0,0,0,0,1,"CPV_LOW_S",0,0,0,0,1,0,0,0,0,1,0,1,1,0,0,0,0,073,0
541,541,0,0,0,0,1,"CPV_LOW_S",0,0,0,0,1,0,0,0,0,1,0,1,1,0,0,0,0,074,0
542,542,0,0,0,0,1,"CPV_LOW_S",0,0,0,0,1,0,0,0,0,1,0,1,1,0,0,0,0,075,0
543,543,0,0,0,0,1,"CPV_LOW_S",0,0,0,0,1,0,0,0,0,1,0,1,1,0,0,0,0,076,0
544,544,0,0,0,0,1,"CPV_LOW_S",0,0,0,0,1,0,0,0,0,1,0,1,1,0,0,0,0,077,0
545,545,0,0,0,0,1,"CPV_LOW_S",0,0,0,0,1,0,0,0,0,1,0,1,1,0,0,0,0,078,0
546,546,0,0,0,0,1,"CPV_LOW_S",0,0,0,0,1,0,0,0,0,1,0,1,1,0,0,0,0,079,0
547,547,0,0,0,0,1,"CPV_LOW_S",0,0,0,0,1,0,0,0,0,1,0,1,1,0,0,0,0,07a,0
548,548,0,0,0,0,1,"CPV_LOW_S",0,0,0,0,1,0,0,0,0,1,0,1,1,0,0,0,0,07b,0
549,549,0,0,0,0,1,"CPV_LOW_S",0,0,0,0,1,0,0,0,0,1,0,1,1,0,0,0,0,07c,0
550,550,0,0,0,0,1,"CPV_LOW_S",0,0,0,0,1,0,0,0,0,1,0,1,1,0,0,0,0,07d,0
551,551,0,0,0,0,1,"CPV_LOW_S",0,0,0,0,1,0,0,0,0,1,0,1,1,0,0,0,0,07e,0
552,552,0,0,0,0,1,"CPV_LOW_S",0,0,0,0,1,0,0,0,0,1,0,1,1,0,0,0,0,07f,0
553,553,0,0,0,0,1,"CPV_LOW_S",0,0,0,0,1,0,0,0,0,1,0,1,1,0,0,0,0,080,0
554,554,0,0,0,0,1,"CPV_LOW_S",0,0,0,0,1,0,0,0,0,1,0,1,1,0,0,0,0,081,0
555,555,0,0,0,0,1,"CPV_LOW_S",0,0,0,0,1,0,0,0,0,1,0,1,1,0,0,0,0,082,0
556,556,0,0,0,0,1,"CPV_LOW_S",0,0,0,0,1,0,0,0,0,1,0,1,1,0,0,0,0,083,0
557,557,0,0,0,0,1,"CPV_LOW_S",0,0,0,0,1,0,0,0,0,1,0,1,1,0,0,0,0,084,0
558,558,0,0,0,0,1,"CPV_LOW_S",0,0,0,0,1,0,0,0,0,1,0,1,1,0,0,0,0,085,0
559,559,0,0,0,0,1,"CPV_LOW_S",0,0,0,0,1,0,0,0,0,1,0,1,1,0,0,0,0,086,0
560,560,0,0,0,0,1,"CPV_LOW_S",0,0,0,0,1,0,0,0,0,1,0,1,1,0,0,0,0,087,0
561,561,0,0,0,0,1,"CPV_LOW_S",0,0,0,0,1,0,0,0,0,1,0,1,1,0,0,0,0,088,0
562,562,0,0,0,0,1,"CPV_LOW_S",0,0,0,0,1,0,0,0,0,1,0,1,1,0,0,0,0,089,0
563,563,0,0,0,0,1,"CPV_LOW_S",0,0,0,0,1,0,0,0,0,1,0,1,1,0,0,0,0,08a,0
564,564,0,0,0,0,1,"CPV_LOW_S",0,0,0,0,1,0,0,0,0,1,0,1,1,0,0,0,0,08b,0
565,565,0,0,0,0,1,"CPV_LOW_S",0,0,0,0,1,0,0,0,0,1,0,1,1,0,0,0,0,08c,0
566,566,0,0,0,0,1,"CPV_LOW_S",0,0,0,0,1,0,0,0,0,1,0,1,1,0,0,0,0,08d,0
567,567,0,0,0,0,1,"CPV_LOW_S",0,0,0,0,1,0,0,0,0,1,0,1,1,0,0,0,0,08e,0
568,568,0,0,0,0,1,"CPV_LOW_S",0,0,0,0,1,0,0,0,0,1,0,1,1,0,0,0,0,08f,0
569,569,0,0,0,0,1,"CPV_LOW_S",0,0,0,0,1,0,0,0,0,1,0,1,1,0,0,0,0,090,0
570,570,0,0,0,0,1,"CPV_LOW_S",0,0,0,0,1,0,0,0,0,1,0,1,1,0,0,0,0,091,0
571,571,0,0,0,0,1,"CPV_LOW_S",0,0,0,0,1,0,0,0,0,1,0,1,1,0,0,0,0,092,0
572,572,0,0,0,0,1,"CPV_LOW_S",0,0,0,0,1,0,0,0,0,1,0,1,1,0,0,0,0,093,0
573,573,0,0,0,0,1,"CPV_LOW_S",0,0,0,0,1,0,0,0,0,1,0,1,1,0,0,0,0,094,0
574,574,0,0,0,0,1,"CPV_LOW_S",0,0,0,0,1,0,0,0,0,1,0,1,1,0,0,0,0,095,0
575,575,0,0,0,0,1,"CPV_HIGH_S",0,0,0,0,1,0,0,0,0,1,0,1,1,0,0,0,0,000,0
576,576,0,0,0,0,1,"CPV_HIGH_S",0,0,1,0,1,0,0,0,0,1,0,0,0,0,0,0,0,001,0
577,577,0,0,0,0,1,"CPV_HIGH_S",0,0,1,0,1,0,0,0,0,1,0,0,0,0,0,0,0,002,0
578,578,0,0,0,0,1,"CPV_HIGH_S",0,0,1,0,1,0,0,0,0,1,0,0,0,0,0,0,0,003,0
579,579,0,0,0,0,1,"CPV_HIGH_S",0,0,1,0,1,0,0,0,0,1,0,0,0,0,0,0,0,004,0
580,580,0,0,0,0,1,"CPV_HIGH_S",0,0,1,0,1,0,0,0,0,1,0,0,0,0,0,0,0,005,0
581,581,0,0,0,0,1,"CPV_HIGH_S",0,0,1,0,1,0,0,0,0,1,0,0,0,0,0,0,0,006,0
582,582,0,0,0,0,1,"CPV_HIGH_S",0,0,1,0,1,0,0,0,0,1,0,0,0,0,0,0,0,007,0
583,583,0,0,0,0,1,"CPV_HIGH_S",0,0,1,0,1,0,0,0,0,1,0,0,0,0,0,0,0,008,0
584,584,0,0,0,0,1,"CPV_HIGH_S",0,0,1,0,1,0,0,0,0,1,0,0,0,0,0,0,0,009,0
585,585,0,0,0,0,1,"CPV_HIGH_S",0,0,1,0,1,0,0,0,0,1,0,0,0,0,0,0,0,00a,0
586,586,0,0,0,0,1,"CPV_HIGH_S",0,0,1,0,1,0,0,0,0,1,0,0,0,0,0,0,0,00b,0
587,587,0,0,0,0,1,"CPV_HIGH_S",0,0,1,0,1,0,0,0,0,1,0,0,0,0,0,0,0,00c,0
588,588,0,0,0,0,1,"CPV_HIGH_S",0,0,1,0,1,0,0,0,0,1,0,0,0,0,0,0,0,00d,0
589,589,0,0,0,0,1,"CPV_HIGH_S",0,0,1,0,1,0,0,0,0,1,0,0,0,0,0,0,0,00e,0
590,590,0,0,0,0,1,"CPV_HIGH_S",0,0,1,0,1,0,0,0,0,1,0,0,0,0,0,0,0,00f,0
591,591,0,0,0,0,1,"CPV_HIGH_S",0,0,1,0,1,0,0,0,0,1,0,0,0,0,0,0,0,010,0
592,592,0,0,0,0,1,"CPV_HIGH_S",0,0,1,0,1,0,0,0,0,1,0,0,0,0,0,0,0,011,0
593,593,0,0,0,0,1,"CPV_HIGH_S",0,0,1,0,1,0,0,0,0,1,0,0,0,0,0,0,0,012,0
594,594,0,0,0,0,1,"CPV_HIGH_S",0,0,1,0,1,0,0,0,0,1,0,0,0,0,0,0,0,013,0
595,595,0,0,0,0,1,"CPV_HIGH_S",0,0,1,0,1,0,0,0,0,1,0,0,0,0,0,0,0,014,0
596,596,0,0,0,0,1,"CPV_HIGH_S",0,0,1,0,1,0,0,0,0,1,0,0,0,0,0,0,0,015,0
597,597,0,0,0,0,1,"CPV_HIGH_S",0,0,1,0,1,0,0,0,0,1,0,0,0,0,0,0,0,016,0
598,598,0,0,0,0,1,"CPV_HIGH_S",0,0,1,0,1,0,0,0,0,1,0,0,0,0,0,0,0,017,0
599,599,0,0,0,0,1,"CPV_HIGH_S",0,0,1,0,1,0,0,0,0,1,0,0,0,0,0,0,0,018,0
600,600,0,0,0,0,1,"CPV_HIGH_S",0,0,1,0,1,0,0,0,0,1,0,0,0,0,0,0,0,019,0
601,601,0,0,0,0,1,"CPV_HIGH_S",0,0,1,0,1,0,0,0,0,1,0,0,0,0,0,0,0,01a,0
602,602,0,0,0,0,1,"CPV_HIGH_S",0,0,1,0,1,0,0,0,0,1,0,0,0,0,0,0,0,01b,0
603,603,0,0,0,0,1,"CPV_HIGH_S",0,0,1,0,1,0,0,0,0,1,0,0,0,0,0,0,0,01c,0
604,604,0,0,0,0,1,"CPV_HIGH_S",0,0,1,0,1,0,0,0,0,1,0,0,0,0,0,0,0,01d,0
605,605,0,0,0,0,1,"CPV_HIGH_S",0,0,1,0,1,0,0,0,0,1,0,0,0,0,0,0,0,01e,0
606,606,0,0,0,0,1,"CPV_HIGH_S",0,0,1,0,1,0,0,0,0,1,0,0,0,0,0,0,0,01f,0
607,607,0,0,0,0,1,"CPV_HIGH_S",0,0,1,0,1,0,0,0,0,1,0,0,0,0,0,0,0,020,0
608,608,0,0,0,0,1,"CPV_HIGH_S",0,0,1,0,1,0,0,0,0,1,0,0,0,0,0,0,0,021,0
609,609,0,0,0,0,1,"CPV_HIGH_S",0,0,1,0,1,0,0,0,0,1,0,0,0,0,0,0,0,022,0
610,610,0,0,0,0,1,"CPV_HIGH_S",0,0,1,0,1,0,0,0,0,1,0,0,0,0,0,0,0,023,0
611,611,0,0,0,0,1,"CPV_HIGH_S",0,0,1,0,1,0,0,0,0,1,0,0,0,0,0,0,0,024,0
612,612,0,0,0,0,1,"CPV_HIGH_S",0,0,1,0,1,0,0,0,0,1,0,0,0,0,0,0,0,025,0
613,613,0,0,0,0,1,"CPV_HIGH_S",0,0,1,0,1,0,0,0,0,1,0,0,0,0,0,0,0,026,0
614,614,0,0,0,0,1,"CPV_HIGH_S",0,0,1,0,1,0,0,0,0,1,0,0,0,0,0,0,0,027,0
615,615,0,0,0,0,1,"CPV_HIGH_S",0,0,1,0,1,0,0,0,0,1,0,0,0,0,0,0,0,028,0
616,616,0,0,0,0,1,"CPV_HIGH_S",0,0,1,0,1,0,0,0,0,1,0,0,0,0,0,0,0,029,0
617,617,0,0,0,0,1,"CPV_HIGH_S",0,0,1,0,1,0,0,0,0,1,0,0,0,0,0,0,0,02a,0
618,618,0,0,0,0,1,"CPV_HIGH_S",0,0,1,0,1,0,0,0,0,1,0,0,0,0,0,0,0,02b,0
619,619,0,0,0,0,1,"CPV_HIGH_S",0,0,1,0,1,0,0,0,0,1,0,0,0,0,0,0,0,02c,0
620,620,0,0,0,0,1,"CPV_HIGH_S",0,0,1,0,1,0,0,0,0,1,0,0,0,0,0,0,0,02d,0
621,621,0,0,0,0,1,"CPV_HIGH_S",0,0,1,0,1,0,0,0,0,1,0,0,0,0,0,0,0,02e,0
622,622,0,0,0,0,1,"CPV_HIGH_S",0,0,1,0,1,0,0,0,0,1,0,0,0,0,0,0,0,02f,0
623,623,0,0,0,0,1,"CPV_HIGH_S",0,0,1,0,1,0,0,0,0,1,0,0,0,0,0,0,0,030,0
624,624,0,0,0,0,1,"CPV_HIGH_S",0,0,1,0,1,0,0,0,0,1,0,0,0,0,0,0,0,031,0
625,625,0,0,0,0,1,"CPV_HIGH_S",0,0,1,0,1,0,0,0,0,1,0,0,0,0,0,0,0,032,0
626,626,0,0,0,0,1,"CPV_HIGH_S",0,0,1,0,1,0,0,0,0,1,0,0,0,0,0,0,0,033,0
627,627,0,0,0,0,1,"CPV_HIGH_S",0,0,1,0,1,0,0,0,0,1,0,0,0,0,0,0,0,034,0
628,628,0,0,0,0,1,"CPV_HIGH_S",0,0,1,0,1,0,0,0,0,1,0,0,0,0,0,0,0,035,0
629,629,0,0,0,0,1,"CPV_HIGH_S",0,0,1,0,1,0,0,0,0,1,0,0,0,0,0,0,0,036,0
630,630,0,0,0,0,1,"CPV_HIGH_S",0,0,1,0,1,0,0,0,0,1,0,0,0,0,0,0,0,037,0
631,631,0,0,0,0,1,"CPV_HIGH_S",0,0,1,0,1,0,0,0,0,1,0,0,0,0,0,0,0,038,0
632,632,0,0,0,0,1,"CPV_HIGH_S",0,0,1,0,1,0,0,0,0,1,0,0,0,0,0,0,0,039,0
633,633,0,0,0,0,1,"CPV_HIGH_S",0,0,1,0,1,0,0,0,0,1,0,0,0,0,0,0,0,03a,0
634,634,0,0,0,0,1,"CPV_HIGH_S",0,0,1,0,1,0,0,0,0,1,0,0,0,0,0,0,0,03b,0
635,635,0,0,0,0,1,"CPV_HIGH_S",0,0,1,0,1,0,0,0,0,1,0,0,0,0,0,0,0,03c,0
636,636,0,0,0,0,1,"CPV_HIGH_S",0,0,1,0,1,0,0,0,0,1,0,0,0,0,0,0,0,03d,0
637,637,0,0,0,0,1,"CPV_HIGH_S",0,0,1,0,1,0,0,0,0,1,0,0,0,0,0,0,0,03e,0
638,638,0,0,0,0,1,"CPV_HIGH_S",0,0,1,0,1,0,0,0,0,1,0,0,0,0,0,0,0,03f,0
639,639,0,0,0,0,1,"CPV_HIGH_S",0,0,1,0,1,0,0,0,0,1,0,0,0,0,0,0,0,040,0
640,640,0,0,0,0,1,"CPV_HIGH_S",0,0,1,0,1,0,0,0,0,1,0,0,0,0,0,0,0,041,0
641,641,0,0,0,0,1,"CPV_HIGH_S",0,0,1,0,1,0,0,0,0,1,0,0,0,0,0,0,0,042,0
642,642,0,0,0,0,1,"CPV_HIGH_S",0,0,1,0,1,0,0,0,0,1,0,0,0,0,0,0,0,043,0
643,643,0,0,0,0,1,"CPV_HIGH_S",0,0,1,0,1,0,0,0,0,1,0,0,0,0,0,0,0,044,0
644,644,0,0,0,0,1,"CPV_HIGH_S",0,0,1,0,1,0,0,0,0,1,0,0,0,0,0,0,0,045,0
645,645,0,0,0,0,1,"CPV_HIGH_S",0,0,1,0,1,0,0,0,0,1,0,0,0,0,0,0,0,046,0
646,646,0,0,0,0,1,"CPV_HIGH_S",0,0,1,0,1,0,0,0,0,1,0,0,0,0,0,0,0,047,0
647,647,0,0,0,0,1,"CPV_HIGH_S",0,0,1,0,1,0,0,0,0,1,0,0,0,0,0,0,0,048,0
648,648,0,0,0,0,1,"CPV_HIGH_S",0,0,1,0,1,0,0,0,0,1,0,0,0,0,0,0,0,049,0
649,649,0,0,0,0,1,"CPV_HIGH_S",0,0,1,0,1,0,0,0,0,1,0,0,0,0,0,0,0,04a,0
650,650,0,0,0,0,1,"CPV_HIGH_S",0,0,1,0,1,0,0,0,0,1,0,0,0,0,0,0,0,04b,0
651,651,0,0,0,0,1,"CPV_HIGH_S",0,0,1,0,1,0,0,0,0,1,0,0,0,0,0,0,0,04c,0
652,652,0,0,0,0,1,"CPV_HIGH_S",0,0,1,0,1,0,0,0,0,1,0,0,0,0,0,0,0,04d,0
653,653,0,0,0,0,1,"CPV_HIGH_S",0,0,1,0,1,0,0,0,0,1,0,0,0,0,0,0,0,04e,0
654,654,0,0,0,0,1,"CPV_HIGH_S",0,0,1,0,1,0,0,0,0,1,0,0,0,0,0,0,0,04f,0
655,655,0,0,0,0,1,"CPV_HIGH_S",0,0,1,0,1,0,0,0,0,1,0,0,0,0,0,0,0,050,0
656,656,0,0,0,0,1,"CPV_HIGH_S",0,0,1,0,1,0,0,0,0,1,0,0,0,0,0,0,0,051,0
657,657,0,0,0,0,1,"CPV_HIGH_S",0,0,1,0,1,0,0,0,0,1,0,0,0,0,0,0,0,052,0
658,658,0,0,0,0,1,"CPV_HIGH_S",0,0,1,0,1,0,0,0,0,1,0,0,0,0,0,0,0,053,0
659,659,0,0,0,0,1,"CPV_HIGH_S",0,0,1,0,1,0,0,0,0,1,0,0,0,0,0,0,0,054,0
660,660,0,0,0,0,1,"CPV_HIGH_S",0,0,1,0,1,0,0,0,0,1,0,0,0,0,0,0,0,055,0
661,661,0,0,0,0,1,"CPV_HIGH_S",0,0,1,0,1,0,0,0,0,1,0,0,0,0,0,0,0,056,0
662,662,0,0,0,0,1,"CPV_HIGH_S",0,0,1,0,1,0,0,0,0,1,0,0,0,0,0,0,0,057,0
663,663,0,0,0,0,1,"CPV_HIGH_S",0,0,1,0,1,0,0,0,0,1,0,0,0,0,0,0,0,058,0
664,664,0,0,0,0,1,"CPV_HIGH_S",0,0,1,0,1,0,0,0,0,1,0,0,0,0,0,0,0,059,0
665,665,0,0,0,0,1,"CPV_HIGH_S",0,0,1,0,1,0,0,0,0,1,0,0,0,0,0,0,0,05a,0
666,666,0,0,0,0,1,"CPV_HIGH_S",0,0,1,0,1,0,0,0,0,1,0,0,0,0,0,0,0,05b,0
667,667,0,0,0,0,1,"CPV_HIGH_S",0,0,1,0,1,0,0,0,0,1,0,0,0,0,0,0,0,05c,0
668,668,0,0,0,0,1,"CPV_HIGH_S",0,0,1,0,1,0,0,0,0,1,0,0,0,0,0,0,0,05d,0
669,669,0,0,0,0,1,"CPV_HIGH_S",0,0,1,0,1,0,0,0,0,1,0,0,0,0,0,0,0,05e,0
670,670,0,0,0,0,1,"CPV_HIGH_S",0,0,1,0,1,0,0,0,0,1,0,0,0,0,0,0,0,05f,0
671,671,0,0,0,0,1,"CPV_HIGH_S",0,0,1,0,1,0,0,0,0,1,0,0,0,0,0,0,0,060,0
672,672,0,0,0,0,1,"CPV_HIGH_S",0,0,1,0,1,0,0,0,0,1,0,0,0,0,0,0,0,061,0
673,673,0,0,0,0,1,"CPV_HIGH_S",0,0,1,0,1,0,0,0,0,1,0,0,0,0,0,0,0,062,0
674,674,0,0,0,0,1,"CPV_HIGH_S",0,0,1,0,1,0,0,0,0,1,0,0,0,0,0,0,0,063,0
675,675,0,0,0,0,1,"CPV_HIGH_S",0,0,1,0,1,0,0,0,0,1,0,0,0,0,0,0,0,064,0
676,676,0,0,0,0,1,"CPV_HIGH_S",0,0,1,0,1,0,0,0,0,1,0,0,0,0,0,0,0,065,0
677,677,0,0,0,0,1,"CPV_HIGH_S",0,0,1,0,1,0,0,0,0,1,0,0,0,0,0,0,0,066,0
678,678,0,0,0,0,1,"CPV_HIGH_S",0,0,1,0,1,0,0,0,0,1,0,0,0,0,0,0,0,067,0
679,679,0,0,0,0,1,"CPV_HIGH_S",0,0,1,0,1,0,0,0,0,1,0,0,0,0,0,0,0,068,0
680,680,0,0,0,0,1,"CPV_HIGH_S",0,0,1,0,1,0,0,0,0,1,0,0,0,0,0,0,0,069,0
681,681,0,0,0,0,1,"CPV_HIGH_S",0,0,1,0,1,0,0,0,0,1,0,0,0,0,0,0,0,06a,0
682,682,0,0,0,0,1,"CPV_HIGH_S",0,0,1,0,1,0,0,0,0,1,0,0,0,0,0,0,0,06b,0
683,683,0,0,0,0,1,"CPV_HIGH_S",0,0,1,0,1,0,0,0,0,1,0,0,0,0,0,0,0,06c,0
684,684,0,0,0,0,1,"CPV_HIGH_S",0,0,1,0,1,0,0,0,0,1,0,0,0,0,0,0,0,06d,0
685,685,0,0,0,0,1,"CPV_HIGH_S",0,0,1,0,1,0,0,0,0,1,0,0,0,0,0,0,0,06e,0
686,686,0,0,0,0,1,"CPV_HIGH_S",0,0,1,0,1,0,0,0,0,1,0,0,0,0,0,0,0,06f,0
687,687,0,0,0,0,1,"CPV_HIGH_S",0,0,1,0,1,0,0,0,0,1,0,0,0,0,0,0,0,070,0
688,688,0,0,0,0,1,"CPV_HIGH_S",0,0,1,0,1,0,0,0,0,1,0,0,0,0,0,0,0,071,0
689,689,0,0,0,0,1,"CPV_HIGH_S",0,0,1,0,1,0,0,0,0,1,0,0,0,0,0,0,0,072,0
690,690,0,0,0,0,1,"CPV_HIGH_S",0,0,1,0,1,0,0,0,0,1,0,0,0,0,0,0,0,073,0
691,691,0,0,0,0,1,"CPV_HIGH_S",0,0,1,0,1,0,0,0,0,1,0,0,0,0,0,0,0,074,0
692,692,0,0,0,0,1,"CPV_HIGH_S",0,0,1,0,1,0,0,0,0,1,0,0,0,0,0,0,0,075,0
693,693,0,0,0,0,1,"CPV_HIGH_S",0,0,1,0,1,0,0,0,0,1,0,0,0,0,0,0,0,076,0
694,694,0,0,0,0,1,"CPV_HIGH_S",0,0,1,0,1,0,0,0,0,1,0,0,0,0,0,0,0,077,0
695,695,0,0,0,0,1,"CPV_HIGH_S",0,0,1,0,1,0,0,0,0,1,0,0,0,0,0,0,0,078,0
696,696,0,0,0,0,1,"CPV_HIGH_S",0,0,1,0,1,0,0,0,0,1,0,0,0,0,0,0,0,079,0
697,697,0,0,0,0,1,"CPV_HIGH_S",0,0,1,0,1,0,0,0,0,1,0,0,0,0,0,0,0,07a,0
698,698,0,0,0,0,1,"CPV_HIGH_S",0,0,1,0,1,0,0,0,0,1,0,0,0,0,0,0,0,07b,0
699,699,0,0,0,0,1,"CPV_HIGH_S",0,0,1,0,1,0,0,0,0,1,0,0,0,0,0,0,0,07c,0
700,700,0,0,0,0,1,"CPV_HIGH_S",0,0,1,0,1,0,0,0,0,1,0,0,0,0,0,0,0,07d,0
701,701,0,0,0,0,1,"CPV_HIGH_S",0,0,1,0,1,0,0,0,0,1,0,0,0,0,0,0,0,07e,0
702,702,0,0,0,0,1,"CPV_HIGH_S",0,0,1,0,1,0,0,0,0,1,0,0,0,0,0,0,0,07f,0
703,703,0,0,0,0,1,"CPV_HIGH_S",0,0,1,0,1,0,0,0,0,1,0,0,0,0,0,0,0,080,0
704,704,0,0,0,0,1,"CPV_HIGH_S",0,0,1,0,1,0,0,0,0,1,0,0,0,0,0,0,0,081,0
705,705,0,0,0,0,1,"CPV_HIGH_S",0,0,1,0,1,0,0,0,0,1,0,0,0,0,0,0,0,082,0
706,706,0,0,0,0,1,"CPV_HIGH_S",0,0,1,0,1,0,0,0,0,1,0,0,0,0,0,0,0,083,0
707,707,0,0,0,0,1,"CPV_HIGH_S",0,0,1,0,1,0,0,0,0,1,0,0,0,0,0,0,0,084,0
708,708,0,0,0,0,1,"CPV_HIGH_S",0,0,1,0,1,0,0,0,0,1,0,0,0,0,0,0,0,085,0
709,709,0,0,0,0,1,"CPV_HIGH_S",0,0,1,0,1,0,0,0,0,1,0,0,0,0,0,0,0,086,0
710,710,0,0,0,0,1,"CPV_HIGH_S",0,0,1,0,1,0,0,0,0,1,0,0,0,0,0,0,0,087,0
711,711,0,0,0,0,1,"CPV_HIGH_S",0,0,1,0,1,0,0,0,0,1,0,0,0,0,0,0,0,088,0
712,712,0,0,0,0,1,"CPV_HIGH_S",0,0,1,0,1,0,0,0,0,1,0,0,0,0,0,0,0,089,0
713,713,0,0,0,0,1,"CPV_HIGH_S",0,0,1,0,1,0,0,0,0,1,0,0,0,0,0,0,0,08a,0
714,714,0,0,0,0,1,"CPV_HIGH_S",0,0,1,0,1,0,0,0,0,1,0,0,0,0,0,0,0,08b,0
715,715,0,0,0,0,1,"CPV_HIGH_S",0,0,1,0,1,0,0,0,0,1,0,0,0,0,0,0,0,08c,0
716,716,0,0,0,0,1,"CPV_HIGH_S",0,0,1,0,1,0,0,0,0,1,0,0,0,0,0,0,0,08d,0
717,717,0,0,0,0,1,"CPV_HIGH_S",0,0,1,0,1,0,0,0,0,1,0,0,0,0,0,0,0,08e,0
718,718,0,0,0,0,1,"CPV_HIGH_S",0,0,1,0,1,0,0,0,0,1,0,0,0,0,0,0,0,08f,0
719,719,0,0,0,0,1,"CPV_HIGH_S",0,0,1,0,1,0,0,0,0,1,0,0,0,0,0,0,0,090,0
720,720,0,0,0,0,1,"CPV_HIGH_S",0,0,1,0,1,0,0,0,0,1,0,0,0,0,0,0,0,091,0
721,721,0,0,0,0,1,"CPV_HIGH_S",0,0,1,0,1,0,0,0,0,1,0,0,0,0,0,0,0,092,0
722,722,0,0,0,0,1,"CPV_HIGH_S",0,0,1,0,1,0,0,0,0,1,0,0,0,0,0,0,0,093,0
723,723,0,0,0,0,1,"CPV_HIGH_S",0,0,1,0,1,0,0,0,0,1,0,0,0,0,0,0,0,094,0
724,724,0,0,0,0,1,"CPV_HIGH_S",0,0,1,0,1,0,0,0,0,1,0,0,0,0,0,0,0,095,0
725,725,0,0,0,1,1,b,0,0,0,0,1,0,0,0,0,1,0,0,0,0,0,0,0,000,1
726,726,0,0,0,0,1,b,0,0,0,0,1,0,0,0,0,1,0,1,1,0,0,0,0,000,1
727,727,0,0,0,0,1,b,0,0,0,0,1,0,0,0,0,1,0,1,1,0,0,0,0,000,1
728,728,0,0,0,0,1,b,0,0,0,0,1,0,0,0,0,1,0,1,1,0,0,0,0,000,1
729,729,0,0,0,0,1,b,0,0,0,0,1,0,0,0,0,1,0,1,1,0,0,0,0,000,1
730,730,0,0,0,0,1,b,0,0,0,0,1,0,0,0,0,1,0,1,1,0,0,0,0,000,1
731,731,0,0,0,0,1,b,0,0,0,0,1,0,0,0,0,1,0,1,1,0,0,0,0,000,1
732,732,0,0,0,0,1,b,0,0,0,0,1,0,0,0,0,1,0,1,1,0,0,0,0,000,1
733,733,0,0,0,0,1,b,0,0,0,0,1,0,0,0,0,1,0,1,1,0,0,0,0,000,1
734,734,0,0,0,0,1,b,0,0,0,0,1,0,0,0,0,1,0,1,1,0,0,0,0,000,1
735,735,0,0,0,0,1,b,0,0,0,0,1,0,0,0,0,1,0,1,1,0,0,0,0,000,1
736,736,0,0,0,0,1,b,0,0,0,0,1,0,0,0,0,1,0,1,1,0,0,0,0,000,1
737,737,0,0,0,0,1,b,0,0,0,0,1,0,0,0,0,1,0,1,1,0,0,0,0,000,1
738,738,0,0,0,0,1,b,0,0,0,0,1,0,0,0,0,1,0,1,1,0,0,0,0,000,1
739,739,0,0,0,0,1,b,0,0,0,0,1,0,0,0,0,1,0,1,1,0,0,0,0,000,1
740,740,0,0,0,0,1,b,0,0,0,0,1,0,0,0,0,1,0,1,1,0,0,0,0,000,1
741,741,0,0,0,0,1,b,0,0,0,0,1,0,0,0,0,1,0,1,1,0,0,0,0,000,1
742,742,0,0,0,0,1,b,0,0,0,0,1,0,0,0,0,1,0,1,1,0,0,0,0,000,1
743,743,0,0,0,0,1,b,0,0,0,0,1,0,0,0,0,1,0,1,1,0,0,0,0,000,1
744,744,0,0,0,0,1,b,0,0,0,0,1,0,0,0,0,1,0,1,1,0,0,0,0,000,1
745,745,0,0,0,0,1,b,0,0,0,0,1,0,0,0,0,1,0,1,1,0,0,0,0,000,1
746,746,0,0,0,0,1,b,0,0,0,0,1,0,0,0,0,1,0,1,1,0,0,0,0,000,1
747,747,0,0,0,0,1,b,0,0,0,0,1,0,0,0,0,1,0,1,1,0,0,0,0,000,1
748,748,0,0,0,0,1,b,0,0,0,0,1,0,0,0,0,1,0,1,1,0,0,0,0,000,1
749,749,0,0,0,0,1,b,0,0,0,0,1,0,0,0,0,1,0,1,1,0,0,0,0,000,1
750,750,0,0,0,0,1,b,0,0,0,0,1,0,0,0,0,1,0,1,1,0,0,0,0,000,1
751,751,0,0,0,0,1,b,0,0,0,0,1,0,0,0,0,1,0,1,1,0,0,0,0,000,1
752,752,0,0,0,0,1,b,0,0,0,0,1,0,0,0,0,1,0,1,1,0,0,0,0,000,1
753,753,0,0,0,0,1,b,0,0,0,0,1,0,0,0,0,1,0,1,1,0,0,0,0,000,1
754,754,0,0,0,0,1,b,0,0,0,0,1,0,0,0,0,1,0,1,1,0,0,0,0,000,1
755,755,0,0,0,0,1,b,0,0,0,0,1,0,0,0,0,1,0,1,1,0,0,0,0,000,1
756,756,0,0,0,0,1,b,0,0,0,0,1,0,0,0,0,1,0,1,1,0,0,0,0,000,1
757,757,0,0,0,0,1,b,0,0,0,0,1,0,0,0,0,1,0,1,1,0,0,0,0,000,1
758,758,0,0,0,0,1,b,0,0,0,0,1,0,0,0,0,1,0,1,1,0,0,0,0,000,1
759,759,0,0,0,0,1,b,0,0,0,0,1,0,0,0,0,1,0,1,1,0,0,0,0,000,1
760,760,0,0,0,0,1,b,0,0,0,0,1,0,0,0,0,1,0,1,1,0,0,0,0,000,1
761,761,0,0,0,0,1,b,0,0,0,0,1,0,0,0,0,1,0,1,1,0,0,0,0,000,1
762,762,0,0,0,0,1,b,0,0,0,0,1,0,0,0,0,1,0,1,1,0,0,0,0,000,1
763,763,0,0,0,0,1,b,0,0,0,0,1,0,0,0,0,1,0,1,1,0,0,0,0,000,1
764,764,0,0,0,0,1,b,0,0,0,0,1,0,0,0,0,1,0,1,1,0,0,0,0,000,1
765,765,0,0,0,0,1,b,0,0,0,0,1,0,0,0,0,1,0,1,1,0,0,0,0,000,1
766,766,0,0,0,0,1,b,0,0,0,0,1,0,0,0,0,1,0,1,1,0,0,0,0,000,1
767,767,0,0,0,0,1,b,0,0,0,0,1,0,0,0,0,1,0,1,1,0,0,0,0,000,1
768,768,0,0,0,0,1,b,0,0,0,0,1,0,0,0,0,1,0,1,1,0,0,0,0,000,1
769,769,0,0,0,0,1,b,0,0,0,0,1,0,0,0,0,1,0,1,1,0,0,0,0,000,1
770,770,0,0,0,0,1,b,0,0,0,0,1,0,0,0,0,1,0,1,1,0,0,0,0,000,1
771,771,0,0,0,0,1,b,0,0,0,0,1,0,0,0,0,1,0,1,1,0,0,0,0,000,1
772,772,0,0,0,0,1,b,0,0,0,0,1,0,0,0,0,1,0,1,1,0,0,0,0,000,1
773,773,0,0,0,0,1,b,0,0,0,0,1,0,0,0,0,1,0,1,1,0,0,0,0,000,1
774,774,0,0,0,0,1,b,0,0,0,0,1,0,0,0,0,1,0,1,1,0,0,0,0,000,1
775,775,0,0,0,0,1,b,0,0,0,0,1,0,0,0,0,1,0,1,1,0,0,0,0,000,1
776,776,0,0,0,0,1,b,0,0,0,0,1,0,0,0,0,1,0,1,1,0,0,0,0,000,1
777,777,0,0,0,0,1,b,0,0,0,0,1,0,0,0,0,1,0,1,1,0,0,0,0,000,1
778,778,0,0,0,0,1,b,0,0,0,0,1,0,0,0,0,1,0,1,1,0,0,0,0,000,1
779,779,0,0,0,0,1,b,0,0,0,0,1,0,0,0,0,1,0,1,1,0,0,0,0,000,1
780,780,0,0,0,0,1,b,0,0,0,0,1,0,0,0,0,1,0,1,1,0,0,0,0,000,1
781,781,0,0,0,0,1,b,0,0,0,0,1,0,0,0,0,1,0,1,1,0,0,0,0,000,1
782,782,0,0,0,0,1,b,0,0,0,0,1,0,0,0,0,1,0,1,1,0,0,0,0,000,1
783,783,0,0,0,0,1,b,0,0,0,0,1,0,0,0,0,1,0,1,1,0,0,0,0,000,1
784,784,0,0,0,0,1,b,0,0,0,0,1,0,0,0,0,1,0,1,1,0,0,0,0,000,1
785,785,0,0,0,0,1,b,0,0,0,0,1,0,0,0,0,1,0,1,1,0,0,0,0,000,1
786,786,0,0,0,0,1,b,0,0,0,0,1,0,0,0,0,1,0,1,1,0,0,0,0,000,1
787,787,0,0,0,0,1,b,0,0,0,0,1,0,0,0,0,1,0,1,1,0,0,0,0,000,1
788,788,0,0,0,0,1,b,0,0,0,0,1,0,0,0,0,1,0,1,1,0,0,0,0,000,1
789,789,0,0,0,0,1,b,0,0,0,0,1,0,0,0,0,1,0,1,1,0,0,0,0,000,1
790,790,0,0,0,0,1,b,0,0,0,0,1,0,0,0,0,1,0,1,1,0,0,0,0,000,1
791,791,0,0,0,0,1,b,0,0,0,0,1,0,0,0,0,1,0,1,1,0,0,0,0,000,1
792,792,0,0,0,0,1,b,0,0,0,0,1,0,0,0,0,1,0,1,1,0,0,0,0,000,1
793,793,0,0,0,0,1,b,0,0,0,0,1,0,0,0,0,1,0,1,1,0,0,0,0,000,1
794,794,0,0,0,0,1,b,0,0,0,0,1,0,0,0,0,1,0,1,1,0,0,0,0,000,1
795,795,0,0,0,0,1,b,0,0,0,0,1,0,0,0,0,1,0,1,1,0,0,0,0,000,1
796,796,0,0,0,0,1,b,0,0,0,0,1,0,0,0,0,1,0,1,1,0,0,0,0,000,1
797,797,0,0,0,0,1,b,0,0,0,0,1,0,0,0,0,1,0,1,1,0,0,0,0,000,1
798,798,0,0,0,0,1,b,0,0,0,0,1,0,0,0,0,1,0,1,1,0,0,0,0,000,1
799,799,0,0,0,0,1,b,0,0,0,0,1,0,0,0,0,1,0,1,1,0,0,0,0,000,1
800,800,0,0,0,0,1,b,0,0,0,0,1,0,0,0,0,1,0,1,1,0,0,0,0,000,1
801,801,0,0,0,0,1,b,0,0,0,0,1,0,0,0,0,1,0,1,1,0,0,0,0,000,1
802,802,0,0,0,0,1,b,0,0,0,0,1,0,0,0,0,1,0,1,1,0,0,0,0,000,1
803,803,0,0,0,0,1,b,0,0,0,0,1,0,0,0,0,1,0,1,1,0,0,0,0,000,1
804,804,0,0,0,0,1,b,0,0,0,0,1,0,0,0,0,1,0,1,1,0,0,0,0,000,1
805,805,0,0,0,0,1,b,0,0,0,0,1,0,0,0,0,1,0,1,1,0,0,0,0,000,1
806,806,0,0,0,0,1,b,0,0,0,0,1,0,0,0,0,1,0,1,1,0,0,0,0,000,1
807,807,0,0,0,0,1,b,0,0,0,0,1,0,0,0,0,1,0,1,1,0,0,0,0,000,1
808,808,0,0,0,0,1,b,0,0,0,0,1,0,0,0,0,1,0,1,1,0,0,0,0,000,1
809,809,0,0,0,0,1,b,0,0,0,0,1,0,0,0,0,1,0,1,1,0,0,0,0,000,1
810,810,0,0,0,0,1,b,0,0,0,0,1,0,0,0,0,1,0,1,1,0,0,0,0,000,1
811,811,0,0,0,0,1,b,0,0,0,0,1,0,0,0,0,1,0,1,1,0,0,0,0,000,1
812,812,0,0,0,0,1,b,0,0,0,0,1,0,0,0,0,1,0,1,1,0,0,0,0,000,1
813,813,0,0,0,0,1,b,0,0,0,0,1,0,0,0,0,1,0,1,1,0,0,0,0,000,1
814,814,0,0,0,0,1,b,0,0,0,0,1,0,0,0,0,1,0,1,1,0,0,0,0,000,1
815,815,0,0,0,0,1,b,0,0,0,0,1,0,0,0,0,1,0,1,1,0,0,0,0,000,1
816,816,0,0,0,0,1,b,0,0,0,0,1,0,0,0,0,1,0,1,1,0,0,0,0,000,1
817,817,0,0,0,0,1,b,0,0,0,0,1,0,0,0,0,1,0,1,1,0,0,0,0,000,1
818,818,0,0,0,0,1,b,0,0,0,0,1,0,0,0,0,1,0,1,1,0,0,0,0,000,1
819,819,0,0,0,0,1,b,0,0,0,0,1,0,0,0,0,1,0,1,1,0,0,0,0,000,1
820,820,0,0,0,0,1,b,0,0,0,0,1,0,0,0,0,1,0,1,1,0,0,0,0,000,1
821,821,0,0,0,0,1,b,0,0,0,0,1,0,0,0,0,1,0,1,1,0,0,0,0,000,1
822,822,0,0,0,0,1,b,0,0,0,0,1,0,0,0,0,1,0,1,1,0,0,0,0,000,1
823,823,0,0,0,0,1,b,0,0,0,0,1,0,0,0,0,1,0,1,1,0,0,0,0,000,1
824,824,0,0,0,0,1,b,0,0,0,0,1,0,0,0,0,1,0,1,1,0,0,0,0,000,1
825,825,0,0,0,0,1,b,0,0,0,0,1,0,0,0,0,1,0,1,1,0,0,0,0,000,1
826,826,0,0,0,0,1,b,0,0,0,0,1,0,0,0,0,1,0,1,1,0,0,0,0,000,1
827,827,0,0,0,0,1,b,0,0,0,0,1,0,0,0,0,1,0,1,1,0,0,0,0,000,1
828,828,0,0,0,0,1,b,0,0,0,0,1,0,0,0,0,1,0,1,1,0,0,0,0,000,1
829,829,0,0,0,0,1,b,0,0,0,0,1,0,0,0,0,1,0,1,1,0,0,0,0,000,1
830,830,0,0,0,0,1,b,0,0,0,0,1,0,0,0,0,1,0,1,1,0,0,0,0,000,1
831,831,0,0,0,0,1,b,0,0,0,0,1,0,0,0,0,1,0,1,1,0,0,0,0,000,1
832,832,0,0,0,0,1,b,0,0,0,0,1,0,0,0,0,1,0,1,1,0,0,0,0,000,1
833,833,0,0,0,0,1,b,0,0,0,0,1,0,0,0,0,1,0,1,1,0,0,0,0,000,1
834,834,0,0,0,0,1,b,0,0,0,0,1,0,0,0,0,1,0,1,1,0,0,0,0,000,1
835,835,0,0,0,0,1,b,0,0,0,0,1,0,0,0,0,1,0,1,1,0,0,0,0,000,1
836,836,0,0,0,0,1,b,0,0,0,0,1,0,0,0,0,1,0,1,1,0,0,0,0,000,1
837,837,0,0,0,0,1,b,0,0,0,0,1,0,0,0,0,1,0,1,1,0,0,0,0,000,1
838,838,0,0,0,0,1,b,0,0,0,0,1,0,0,0,0,1,0,1,1,0,0,0,0,000,1
839,839,0,0,0,0,1,b,0,0,0,0,1,0,0,0,0,1,0,1,1,0,0,0,0,000,1
840,840,0,0,0,0,1,b,0,0,0,0,1,0,0,0,0,1,0,1,1,0,0,0,0,000,1
841,841,0,0,0,0,1,b,0,0,0,0,1,0,0,0,0,1,0,1,1,0,0,0,0,000,1
842,842,0,0,0,0,1,b,0,0,0,0,1,0,0,0,0,1,0,1,1,0,0,0,0,000,1
843,843,0,0,0,0,1,b,0,0,0,0,1,0,0,0,0,1,0,1,1,0,0,0,0,000,1
844,844,0,0,0,0,1,b,0,0,0,0,1,0,0,0,0,1,0,1,1,0,0,0,0,000,1
845,845,0,0,0,0,1,b,0,0,0,0,1,0,0,0,0,1,0,1,1,0,0,0,0,000,1
846,846,0,0,0,0,1,b,0,0,0,0,1,0,0,0,0,1,0,1,1,0,0,0,0,000,1
847,847,0,0,0,0,1,b,0,0,0,0,1,0,0,0,0,1,0,1,1,0,0,0,0,000,1
848,848,0,0,0,0,1,b,0,0,0,0,1,0,0,0,0,1,0,1,1,0,0,0,0,000,1
849,849,0,0,0,0,1,b,0,0,0,0,1,0,0,0,0,1,0,1,1,0,0,0,0,000,1
850,850,0,0,0,0,1,b,0,0,0,0,1,0,0,0,0,1,0,1,1,0,0,0,0,000,1
851,851,0,0,0,0,1,b,0,0,0,0,1,0,0,0,0,1,0,1,1,0,0,0,0,000,1
852,852,0,0,0,0,1,b,0,0,0,0,1,0,0,0,0,1,0,1,1,0,0,0,0,000,1
853,853,0,0,0,0,1,b,0,0,0,0,1,0,0,0,0,1,0,1,1,0,0,0,0,000,1
854,854,0,0,0,0,1,b,0,0,0,0,1,0,0,0,0,1,0,1,1,0,0,0,0,000,1
855,855,0,0,0,0,1,b,0,0,0,0,1,0,0,0,0,1,0,1,1,0,0,0,0,000,1
856,856,0,0,0,0,1,b,0,0,0,0,1,0,0,0,0,1,0,1,1,0,0,0,0,000,1
857,857,0,0,0,0,1,b,0,0,0,0,1,0,0,0,0,1,0,1,1,0,0,0,0,000,1
858,858,0,0,0,0,1,b,0,0,0,0,1,0,0,0,0,1,0,1,1,0,0,0,0,000,1
859,859,0,0,0,0,1,b,0,0,0,0,1,0,0,0,0,1,0,1,1,0,0,0,0,000,1
860,860,0,0,0,0,1,b,0,0,0,0,1,0,0,0,0,1,0,1,1,0,0,0,0,000,1
861,861,0,0,0,0,1,b,0,0,0,0,1,0,0,0,0,1,0,1,1,0,0,0,0,000,1
862,862,0,0,0,0,1,b,0,0,0,0,1,0,0,0,0,1,0,1,1,0,0,0,0,000,1
863,863,0,0,0,0,1,b,0,0,0,0,1,0,0,0,0,1,0,1,1,0,0,0,0,000,1
864,864,0,0,0,0,1,b,0,0,0,0,1,0,0,0,0,1,0,1,1,0,0,0,0,000,1
865,865,0,0,0,0,1,b,0,0,0,0,1,0,0,0,0,1,0,1,1,0,0,0,0,000,1
866,866,0,0,0,0,1,b,0,0,0,0,1,0,0,0,0,1,0,1,1,0,0,0,0,000,1
867,867,0,0,0,0,1,b,0,0,0,0,1,0,0,0,0,1,0,1,1,0,0,0,0,000,1
868,868,0,0,0,0,1,b,0,0,0,0,1,0,0,0,0,1,0,1,1,0,0,0,0,000,1
869,869,0,0,0,0,1,b,0,0,0,0,1,0,0,0,0,1,0,1,1,0,0,0,0,000,1
870,870,0,0,0,0,1,b,0,0,0,0,1,0,0,0,0,1,0,1,1,0,0,0,0,000,1
871,871,0,0,0,0,1,b,0,0,0,0,1,0,0,0,0,1,0,1,1,0,0,0,0,000,1
872,872,0,0,0,0,1,b,0,0,0,0,1,0,0,0,0,1,0,1,1,0,0,0,0,000,1
873,873,0,0,0,0,1,b,0,0,0,0,1,0,0,0,0,1,0,1,1,0,0,0,0,000,1
874,874,0,0,0,0,1,b,0,0,0,0,1,0,0,0,0,1,0,1,1,0,0,0,0,000,1
875,875,0,0,0,0,1,b,0,0,0,0,1,0,0,0,0,1,0,1,1,0,0,0,0,000,1
876,876,0,0,0,0,1,b,0,0,0,0,1,0,0,0,0,1,0,1,1,0,0,0,0,000,1
877,877,0,0,0,0,1,b,0,0,0,0,1,0,0,0,0,1,0,1,1,0,0,0,0,000,1
878,878,0,0,0,0,1,b,0,0,0,0,1,0,0,0,0,1,0,1,1,0,0,0,0,000,1
879,879,0,0,0,0,1,b,0,0,0,0,1,0,0,0,0,1,0,1,1,0,0,0,0,000,1
880,880,0,0,0,0,1,b,0,0,0,0,1,0,0,0,0,1,0,1,1,0,0,0,0,000,1
881,881,0,0,0,0,1,b,0,0,0,0,1,0,0,0,0,1,0,1,1,0,0,0,0,000,1
882,882,0,0,0,0,1,b,0,0,0,0,1,0,0,0,0,1,0,1,1,0,0,0,0,000,1
883,883,0,0,0,0,1,b,0,0,0,0,1,0,0,0,0,1,0,1,1,0,0,0,0,000,1
884,884,0,0,0,0,1,b,0,0,0,0,1,0,0,0,0,1,0,1,1,0,0,0,0,000,1
885,885,0,0,0,0,1,b,0,0,0,0,1,0,0,0,0,1,0,1,1,0,0,0,0,000,1
886,886,0,0,0,0,1,b,0,0,0,0,1,0,0,0,0,1,0,1,1,0,0,0,0,000,1
887,887,0,0,0,0,1,b,0,0,0,0,1,0,0,0,0,1,0,1,1,0,0,0,0,000,1
888,888,0,0,0,0,1,b,0,0,0,0,1,0,0,0,0,1,0,1,1,0,0,0,0,000,1
889,889,0,0,0,0,1,b,0,0,0,0,1,0,0,0,0,1,0,1,1,0,0,0,0,000,1
890,890,0,0,0,0,1,b,0,0,0,0,1,0,0,0,0,1,0,1,1,0,0,0,0,000,1
891,891,0,0,0,0,1,b,0,0,0,0,1,0,0,0,0,1,0,1,1,0,0,0,0,000,1
892,892,0,0,0,0,1,b,0,0,0,0,1,0,0,0,0,1,0,1,1,0,0,0,0,000,1
893,893,0,0,0,0,1,b,0,0,0,0,1,0,0,0,0,1,0,1,1,0,0,0,0,000,1
894,894,0,0,0,0,1,b,0,0,0,0,1,0,0,0,0,1,0,1,1,0,0,0,0,000,1
895,895,0,0,0,0,1,b,0,0,0,0,1,0,0,0,0,1,0,1,1,0,0,0,0,000,1
896,896,0,0,0,0,1,b,0,0,0,0,1,0,0,0,0,1,0,1,1,0,0,0,0,000,1
897,897,0,0,0,0,1,b,0,0,0,0,1,0,0,0,0,1,0,1,1,0,0,0,0,000,1
898,898,0,0,0,0,1,b,0,0,0,0,1,0,0,0,0,1,0,1,1,0,0,0,0,000,1
899,899,0,0,0,0,1,b,0,0,0,0,1,0,0,0,0,1,0,1,1,0,0,0,0,000,1
900,900,0,0,0,0,1,b,0,0,0,0,1,0,0,0,0,1,0,1,1,0,0,0,0,000,1
901,901,0,0,0,0,1,b,0,0,0,0,1,0,0,0,0,1,0,1,1,0,0,0,0,000,1
902,902,0,0,0,0,1,b,0,0,0,0,1,0,0,0,0,1,0,1,1,0,0,0,0,000,1
903,903,0,0,0,0,1,b,0,0,0,0,1,0,0,0,0,1,0,1,1,0,0,0,0,000,1
904,904,0,0,0,0,1,b,0,0,0,0,1,0,0,0,0,1,0,1,1,0,0,0,0,000,1
905,905,0,0,0,0,1,b,0,0,0,0,1,0,0,0,0,1,0,1,1,0,0,0,0,000,1
906,906,0,0,0,0,1,b,0,0,0,0,1,0,0,0,0,1,0,1,1,0,0,0,0,000,1
907,907,0,0,0,0,1,b,0,0,0,0,1,0,0,0,0,1,0,1,1,0,0,0,0,000,1
908,908,0,0,0,0,1,b,0,0,0,0,1,0,0,0,0,1,0,1,1,0,0,0,0,000,1
909,909,0,0,0,0,1,b,0,0,0,0,1,0,0,0,0,1,0,1,1,0,0,0,0,000,1
910,910,0,0,0,0,1,b,0,0,0,0,1,0,0,0,0,1,0,1,1,0,0,0,0,000,1
911,911,0,0,0,0,1,b,0,0,0,0,1,0,0,0,0,1,0,1,1,0,0,0,0,000,1
912,912,0,0,0,0,1,b,0,0,0,0,1,0,0,0,0,1,0,1,1,0,0,0,0,000,1
913,913,0,0,0,0,1,b,0,0,0,0,1,0,0,0,0,1,0,1,1,0,0,0,0,000,1
914,914,0,0,0,0,1,b,0,0,0,0,1,0,0,0,0,1,0,1,1,0,0,0,0,000,1
915,915,0,0,0,0,1,b,0,0,0,0,1,0,0,0,0,1,0,1,1,0,0,0,0,000,1
916,916,0,0,0,0,1,b,0,0,0,0,1,0,0,0,0,1,0,1,1,0,0,0,0,000,1
917,917,0,0,0,0,1,b,0,0,0,0,1,0,0,0,0,1,0,1,1,0,0,0,0,000,1
918,918,0,0,0,0,1,b,0,0,0,0,1,0,0,0,0,1,0,1,1,0,0,0,0,000,1
919,919,0,0,0,0,1,b,0,0,0,0,1,0,0,0,0,1,0,1,1,0,0,0,0,000,1
920,920,0,0,0,0,1,b,0,0,0,0,1,0,0,0,0,1,0,1,1,0,0,0,0,000,1
921,921,0,0,0,0,1,b,0,0,0,0,1,0,0,0,0,1,0,1,1,0,0,0,0,000,1
922,922,0,0,0,0,1,b,0,0,0,0,1,0,0,0,0,1,0,1,1,0,0,0,0,000,1
923,923,0,0,0,0,1,b,0,0,0,0,1,0,0,0,0,1,0,1,1,0,0,0,0,000,1
924,924,0,0,0,0,1,b,0,0,0,0,1,0,0,0,0,1,0,1,1,0,0,0,0,000,1
925,925,0,0,0,0,1,b,0,0,0,0,1,0,0,0,0,1,0,1,1,0,0,0,0,000,1
926,926,0,0,0,0,1,b,0,0,0,0,1,0,0,0,0,1,0,1,1,0,0,0,0,000,1
927,927,0,0,0,0,1,b,0,0,0,0,1,0,0,0,0,1,0,1,1,0,0,0,0,000,1
928,928,0,0,0,0,1,b,0,0,0,0,1,0,0,0,0,1,0,1,1,0,0,0,0,000,1
929,929,0,0,0,0,1,b,0,0,0,0,1,0,0,0,0,1,0,1,1,0,0,0,0,000,1
930,930,0,0,0,0,1,b,0,0,0,0,1,0,0,0,0,1,0,1,1,0,0,0,0,000,1
931,931,0,0,0,0,1,b,0,0,0,0,1,0,0,0,0,1,0,1,1,0,0,0,0,000,1
932,932,0,0,0,0,1,b,0,0,0,0,1,0,0,0,0,1,0,1,1,0,0,0,0,000,1
933,933,0,0,0,0,1,b,0,0,0,0,1,0,0,0,0,1,0,1,1,0,0,0,0,000,1
934,934,0,0,0,0,1,b,0,0,0,0,1,0,0,0,0,1,0,1,1,0,0,0,0,000,1
935,935,0,0,0,0,1,b,0,0,0,0,1,0,0,0,0,1,0,1,1,0,0,0,0,000,1
936,936,0,0,0,0,1,b,0,0,0,0,1,0,0,0,0,1,0,1,1,0,0,0,0,000,1
937,937,0,0,0,0,1,b,0,0,0,0,1,0,0,0,0,1,0,1,1,0,0,0,0,000,1
938,938,0,0,0,0,1,b,0,0,0,0,1,0,0,0,0,1,0,1,1,0,0,0,0,000,1
939,939,0,0,0,0,1,b,0,0,0,0,1,0,0,0,0,1,0,1,1,0,0,0,0,000,1
940,940,0,0,0,0,1,b,0,0,0,0,1,0,0,0,0,1,0,1,1,0,0,0,0,000,1
941,941,0,0,0,0,1,b,0,0,0,0,1,0,0,0,0,1,0,1,1,0,0,0,0,000,1
942,942,0,0,0,0,1,b,0,0,0,0,1,0,0,0,0,1,0,1,1,0,0,0,0,000,1
943,943,0,0,0,0,1,b,0,0,0,0,1,0,0,0,0,1,0,1,1,0,0,0,0,000,1
944,944,0,0,0,0,1,b,0,0,0,0,1,0,0,0,0,1,0,1,1,0,0,0,0,000,1
945,945,0,0,0,0,1,b,0,0,0,0,1,0,0,0,0,1,0,1,1,0,0,0,0,000,1
946,946,0,0,0,0,1,b,0,0,0,0,1,0,0,0,0,1,0,1,1,0,0,0,0,000,1
947,947,0,0,0,0,1,b,0,0,0,0,1,0,0,0,0,1,0,1,1,0,0,0,0,000,1
948,948,0,0,0,0,1,b,0,0,0,0,1,0,0,0,0,1,0,1,1,0,0,0,0,000,1
949,949,0,0,0,0,1,b,0,0,0,0,1,0,0,0,0,1,0,1,1,0,0,0,0,000,1
950,950,0,0,0,0,1,b,0,0,0,0,1,0,0,0,0,1,0,1,1,0,0,0,0,000,1
951,951,0,0,0,0,1,b,0,0,0,0,1,0,0,0,0,1,0,1,1,0,0,0,0,000,1
952,952,0,0,0,0,1,b,0,0,0,0,1,0,0,0,0,1,0,1,1,0,0,0,0,000,1
953,953,0,0,0,0,1,b,0,0,0,0,1,0,0,0,0,1,0,1,1,0,0,0,0,000,1
954,954,0,0,0,0,1,b,0,0,0,0,1,0,0,0,0,1,0,1,1,0,0,0,0,000,1
955,955,0,0,0,0,1,b,0,0,0,0,1,0,0,0,0,1,0,1,1,0,0,0,0,000,1
956,956,0,0,0,0,1,b,0,0,0,0,1,0,0,0,0,1,0,1,1,0,0,0,0,000,1
957,957,0,0,0,0,1,b,0,0,0,0,1,0,0,0,0,1,0,1,1,0,0,0,0,000,1
958,958,0,0,0,0,1,b,0,0,0,0,1,0,0,0,0,1,0,1,1,0,0,0,0,000,1
959,959,0,0,0,0,1,b,0,0,0,0,1,0,0,0,0,1,0,1,1,0,0,0,0,000,1
960,960,0,0,0,0,1,b,0,0,0,0,1,0,0,0,0,1,0,1,1,0,0,0,0,000,1
961,961,0,0,0,0,1,b,0,0,0,0,1,0,0,0,0,1,0,1,1,0,0,0,0,000,1
962,962,0,0,0,0,1,b,0,0,0,0,1,0,0,0,0,1,0,1,1,0,0,0,0,000,1
963,963,0,0,0,0,1,b,0,0,0,0,1,0,0,0,0,1,0,1,1,0,0,0,0,000,1
964,964,0,0,0,0,1,b,0,0,0,0,1,0,0,0,0,1,0,1,1,0,0,0,0,000,1
965,965,0,0,0,0,1,b,0,0,0,0,1,0,0,0,0,1,0,1,1,0,0,0,0,000,1
966,966,0,0,0,0,1,b,0,0,0,0,1,0,0,0,0,1,0,1,1,0,0,0,0,000,1
967,967,0,0,0,0,1,b,0,0,0,0,1,0,0,0,0,1,0,1,1,0,0,0,0,000,1
968,968,0,0,0,0,1,b,0,0,0,0,1,0,0,0,0,1,0,1,1,0,0,0,0,000,1
969,969,0,0,0,0,1,b,0,0,0,0,1,0,0,0,0,1,0,1,1,0,0,0,0,000,1
970,970,0,0,0,0,1,b,0,0,0,0,1,0,0,0,0,1,0,1,1,0,0,0,0,000,1
971,971,0,0,0,0,1,b,0,0,0,0,1,0,0,0,0,1,0,1,1,0,0,0,0,000,1
972,972,0,0,0,0,1,b,0,0,0,0,1,0,0,0,0,1,0,1,1,0,0,0,0,000,1
973,973,0,0,0,0,1,b,0,0,0,0,1,0,0,0,0,1,0,1,1,0,0,0,0,000,1
974,974,0,0,0,0,1,b,0,0,0,0,1,0,0,0,0,1,0,1,1,0,0,0,0,000,1
975,975,0,0,0,0,1,b,0,0,0,0,1,0,0,0,0,1,0,1,1,0,0,0,0,000,1
976,976,0,0,0,0,1,b,0,0,0,0,1,0,0,0,0,1,0,1,1,0,0,0,0,000,1
977,977,0,0,0,0,1,b,0,0,0,0,1,0,0,0,0,1,0,1,1,0,0,0,0,000,1
978,978,0,0,0,0,1,b,0,0,0,0,1,0,0,0,0,1,0,1,1,0,0,0,0,000,1
979,979,0,0,0,0,1,b,0,0,0,0,1,0,0,0,0,1,0,1,1,0,0,0,0,000,1
980,980,0,0,0,0,1,b,0,0,0,0,1,0,0,0,0,1,0,1,1,0,0,0,0,000,1
981,981,0,0,0,0,1,b,0,0,0,0,1,0,0,0,0,1,0,1,1,0,0,0,0,000,1
982,982,0,0,0,0,1,b,0,0,0,0,1,0,0,0,0,1,0,1,1,0,0,0,0,000,1
983,983,0,0,0,0,1,b,0,0,0,0,1,0,0,0,0,1,0,1,1,0,0,0,0,000,1
984,984,0,0,0,0,1,b,0,0,0,0,1,0,0,0,0,1,0,1,1,0,0,0,0,000,1
985,985,0,0,0,0,1,b,0,0,0,0,1,0,0,0,0,1,0,1,1,0,0,0,0,000,1
986,986,0,0,0,0,1,b,0,0,0,0,1,0,0,0,0,1,0,1,1,0,0,0,0,000,1
987,987,0,0,0,0,1,b,0,0,0,0,1,0,0,0,0,1,0,1,1,0,0,0,0,000,1
988,988,0,0,0,0,1,b,0,0,0,0,1,0,0,0,0,1,0,1,1,0,0,0,0,000,1
989,989,0,0,0,0,1,b,0,0,0,0,1,0,0,0,0,1,0,1,1,0,0,0,0,000,1
990,990,0,0,0,0,1,b,0,0,0,0,1,0,0,0,0,1,0,1,1,0,0,0,0,000,1
991,991,0,0,0,0,1,b,0,0,0,0,1,0,0,0,0,1,0,1,1,0,0,0,0,000,1
992,992,0,0,0,0,1,b,0,0,0,0,1,0,0,0,0,1,0,1,1,0,0,0,0,000,1
993,993,0,0,0,0,1,b,0,0,0,0,1,0,0,0,0,1,0,1,1,0,0,0,0,000,1
994,994,0,0,0,0,1,b,0,0,0,0,1,0,0,0,0,1,0,1,1,0,0,0,0,000,1
995,995,0,0,0,0,1,b,0,0,0,0,1,0,0,0,0,1,0,1,1,0,0,0,0,000,1
996,996,0,0,0,0,1,b,0,0,0,0,1,0,0,0,0,1,0,1,1,0,0,0,0,000,1
997,997,0,0,0,0,1,b,0,0,0,0,1,0,0,0,0,1,0,1,1,0,0,0,0,000,1
998,998,0,0,0,0,1,b,0,0,0,0,1,0,0,0,0,1,0,1,1,0,0,0,0,000,1
999,999,0,0,0,0,1,b,0,0,0,0,1,0,0,0,0,1,0,1,1,0,0,0,0,000,1
1000,1000,0,0,0,0,1,b,0,0,0,0,1,0,0,0,0,1,0,1,1,0,0,0,0,000,1
1001,1001,0,0,0,0,1,b,0,0,0,0,1,0,0,0,0,1,0,1,1,0,0,0,0,000,1
1002,1002,0,0,0,0,1,b,0,0,0,0,1,0,0,0,0,1,0,1,1,0,0,0,0,000,1
1003,1003,0,0,0,0,1,b,0,0,0,0,1,0,0,0,0,1,0,1,1,0,0,0,0,000,1
1004,1004,0,0,0,0,1,b,0,0,0,0,1,0,0,0,0,1,0,1,1,0,0,0,0,000,1
1005,1005,0,0,0,0,1,b,0,0,0,0,1,0,0,0,0,1,0,1,1,0,0,0,0,000,1
1006,1006,0,0,0,0,1,b,0,0,0,0,1,0,0,0,0,1,0,1,1,0,0,0,0,000,1
1007,1007,0,0,0,0,1,b,0,0,0,0,1,0,0,0,0,1,0,1,1,0,0,0,0,000,1
1008,1008,0,0,0,0,1,b,0,0,0,0,1,0,0,0,0,1,0,1,1,0,0,0,0,000,1
1009,1009,0,0,0,0,1,b,0,0,0,0,1,0,0,0,0,1,0,1,1,0,0,0,0,000,1
1010,1010,0,0,0,0,1,b,0,0,0,0,1,0,0,0,0,1,0,1,1,0,0,0,0,000,1
1011,1011,0,0,0,0,1,b,0,0,0,0,1,0,0,0,0,1,0,1,1,0,0,0,0,000,1
1012,1012,0,0,0,0,1,b,0,0,0,0,1,0,0,0,0,1,0,1,1,0,0,0,0,000,1
1013,1013,0,0,0,0,1,b,0,0,0,0,1,0,0,0,0,1,0,1,1,0,0,0,0,000,1
1014,1014,0,0,0,0,1,b,0,0,0,0,1,0,0,0,0,1,0,1,1,0,0,0,0,000,1
1015,1015,0,0,0,0,1,b,0,0,0,0,1,0,0,0,0,1,0,1,1,0,0,0,0,000,1
1016,1016,0,0,0,0,1,b,0,0,0,0,1,0,0,0,0,1,0,1,1,0,0,0,0,000,1
1017,1017,0,0,0,0,1,b,0,0,0,0,1,0,0,0,0,1,0,1,1,0,0,0,0,000,1
1018,1018,0,0,0,0,1,b,0,0,0,0,1,0,0,0,0,1,0,1,1,0,0,0,0,000,1
1019,1019,0,0,0,0,1,b,0,0,0,0,1,0,0,0,0,1,0,1,1,0,0,0,0,000,1
1020,1020,0,0,0,0,1,b,0,0,0,0,1,0,0,0,0,1,0,1,1,0,0,0,0,000,1
1021,1021,0,0,0,0,1,b,0,0,0,0,1,0,0,0,0,1,0,1,1,0,0,0,0,000,1
1022,1022,0,0,0,0,1,b,0,0,0,0,1,0,0,0,0,1,0,1,1,0,0,0,0,000,1
1023,1023,0,0,0,0,1,b,0,0,0,0,1,0,0,0,0,1,0,1,1,0,0,0,0,000,1
